benchmark,policy,worst_step,worst_loss_ipc,worst_loss_pct,policy_ipc_at_worst,best_ipc_at_worst,best_policy_at_worst_step
400.perlbench-41B,l1d_prefetcher-berti_l1i_prefetcher-entangling_l2c_replacement-mockingjay,76,0.003026000000000001,1.5319269575606622,0.194503,0.197529,l1d_prefetcher-gaze_l1i_prefetcher-entangling_l2c_replacement-mockingjay
400.perlbench-41B,l1d_prefetcher-berti_l1i_prefetcher-entangling_l2c_replacement-PACIPV,76,0.003026000000000001,1.5319269575606622,0.194503,0.197529,l1d_prefetcher-gaze_l1i_prefetcher-entangling_l2c_replacement-mockingjay
400.perlbench-41B,l1d_prefetcher-berti_l1i_prefetcher-barca_l2c_replacement-mockingjay,51,0.00565400000000002,2.409679632794495,0.228983,0.234637,l1d_prefetcher-gaze_l1i_prefetcher-entangling_l2c_replacement-mockingjay
400.perlbench-41B,l1d_prefetcher-berti_l1i_prefetcher-barca_l2c_replacement-PACIPV,51,0.00565400000000002,2.409679632794495,0.228983,0.234637,l1d_prefetcher-gaze_l1i_prefetcher-entangling_l2c_replacement-mockingjay
400.perlbench-41B,l1d_prefetcher-gaze_l1i_prefetcher-entangling_l2c_replacement-mockingjay,33,0.02187699999999998,9.599301454133785,0.206025,0.227902,l1d_prefetcher-berti_l1i_prefetcher-barca_l2c_replacement-mockingjay
400.perlbench-41B,l1d_prefetcher-gaze_l1i_prefetcher-entangling_l2c_replacement-PACIPV,33,0.02187699999999998,9.599301454133785,0.206025,0.227902,l1d_prefetcher-berti_l1i_prefetcher-barca_l2c_replacement-mockingjay
400.perlbench-41B,l1d_prefetcher-gaze_l1i_prefetcher-barca_l2c_replacement-mockingjay,33,0.02187699999999998,9.599301454133785,0.206025,0.227902,l1d_prefetcher-berti_l1i_prefetcher-barca_l2c_replacement-mockingjay
400.perlbench-41B,l1d_prefetcher-gaze_l1i_prefetcher-barca_l2c_replacement-PACIPV,33,0.02187699999999998,9.599301454133785,0.206025,0.227902,l1d_prefetcher-berti_l1i_prefetcher-barca_l2c_replacement-mockingjay
401.bzip2-226B,l1d_prefetcher-berti_l1i_prefetcher-entangling_l2c_replacement-mockingjay,57,0.0629360000000001,3.1968498817486624,1.905752,1.968688,l1d_prefetcher-gaze_l1i_prefetcher-entangling_l2c_replacement-mockingjay
401.bzip2-226B,l1d_prefetcher-berti_l1i_prefetcher-entangling_l2c_replacement-PACIPV,57,0.0629360000000001,3.1968498817486624,1.905752,1.968688,l1d_prefetcher-gaze_l1i_prefetcher-entangling_l2c_replacement-mockingjay
401.bzip2-226B,l1d_prefetcher-berti_l1i_prefetcher-barca_l2c_replacement-mockingjay,57,0.0629360000000001,3.1968498817486624,1.905752,1.968688,l1d_prefetcher-gaze_l1i_prefetcher-entangling_l2c_replacement-mockingjay
401.bzip2-226B,l1d_prefetcher-berti_l1i_prefetcher-barca_l2c_replacement-PACIPV,57,0.0629360000000001,3.1968498817486624,1.905752,1.968688,l1d_prefetcher-gaze_l1i_prefetcher-entangling_l2c_replacement-mockingjay
401.bzip2-226B,l1d_prefetcher-gaze_l1i_prefetcher-entangling_l2c_replacement-mockingjay,99,0.05371900000000007,3.71852743018806,1.390912,1.444631,l1d_prefetcher-berti_l1i_prefetcher-entangling_l2c_replacement-mockingjay
401.bzip2-226B,l1d_prefetcher-gaze_l1i_prefetcher-entangling_l2c_replacement-PACIPV,99,0.05371900000000007,3.71852743018806,1.390912,1.444631,l1d_prefetcher-berti_l1i_prefetcher-entangling_l2c_replacement-mockingjay
401.bzip2-226B,l1d_prefetcher-gaze_l1i_prefetcher-barca_l2c_replacement-mockingjay,99,0.05371900000000007,3.71852743018806,1.390912,1.444631,l1d_prefetcher-berti_l1i_prefetcher-entangling_l2c_replacement-mockingjay
401.bzip2-226B,l1d_prefetcher-gaze_l1i_prefetcher-barca_l2c_replacement-PACIPV,99,0.05371900000000007,3.71852743018806,1.390912,1.444631,l1d_prefetcher-berti_l1i_prefetcher-entangling_l2c_replacement-mockingjay
403.gcc-16B,l1d_prefetcher-berti_l1i_prefetcher-entangling_l2c_replacement-mockingjay,93,0.00591699999999995,0.9737865931128834,0.601711,0.607628,l1d_prefetcher-gaze_l1i_prefetcher-entangling_l2c_replacement-PACIPV
403.gcc-16B,l1d_prefetcher-berti_l1i_prefetcher-entangling_l2c_replacement-PACIPV,93,0.005913999999999975,0.9732928699796546,0.601714,0.607628,l1d_prefetcher-gaze_l1i_prefetcher-entangling_l2c_replacement-PACIPV
403.gcc-16B,l1d_prefetcher-berti_l1i_prefetcher-barca_l2c_replacement-mockingjay,93,0.00591699999999995,0.9737865931128834,0.601711,0.607628,l1d_prefetcher-gaze_l1i_prefetcher-entangling_l2c_replacement-PACIPV
403.gcc-16B,l1d_prefetcher-berti_l1i_prefetcher-barca_l2c_replacement-PACIPV,93,0.005913999999999975,0.9732928699796546,0.601714,0.607628,l1d_prefetcher-gaze_l1i_prefetcher-entangling_l2c_replacement-PACIPV
403.gcc-16B,l1d_prefetcher-gaze_l1i_prefetcher-entangling_l2c_replacement-mockingjay,0,0.009611000000000036,0.824076654305377,1.156664,1.166275,l1d_prefetcher-berti_l1i_prefetcher-entangling_l2c_replacement-PACIPV
403.gcc-16B,l1d_prefetcher-gaze_l1i_prefetcher-entangling_l2c_replacement-PACIPV,0,0.009544999999999915,0.8184176116267532,1.15673,1.166275,l1d_prefetcher-berti_l1i_prefetcher-entangling_l2c_replacement-PACIPV
403.gcc-16B,l1d_prefetcher-gaze_l1i_prefetcher-barca_l2c_replacement-mockingjay,0,0.009611000000000036,0.824076654305377,1.156664,1.166275,l1d_prefetcher-berti_l1i_prefetcher-entangling_l2c_replacement-PACIPV
403.gcc-16B,l1d_prefetcher-gaze_l1i_prefetcher-barca_l2c_replacement-PACIPV,0,0.009544999999999915,0.8184176116267532,1.15673,1.166275,l1d_prefetcher-berti_l1i_prefetcher-entangling_l2c_replacement-PACIPV
410.bwaves-1963B,l1d_prefetcher-berti_l1i_prefetcher-entangling_l2c_replacement-mockingjay,8,0.03750699999999996,2.107349118084477,1.742312,1.779819,l1d_prefetcher-berti_l1i_prefetcher-entangling_l2c_replacement-PACIPV
410.bwaves-1963B,l1d_prefetcher-berti_l1i_prefetcher-entangling_l2c_replacement-PACIPV,41,0.02509399999999995,1.3999106297589485,1.767449,1.792543,l1d_prefetcher-berti_l1i_prefetcher-entangling_l2c_replacement-mockingjay
410.bwaves-1963B,l1d_prefetcher-berti_l1i_prefetcher-barca_l2c_replacement-mockingjay,8,0.03750699999999996,2.107349118084477,1.742312,1.779819,l1d_prefetcher-berti_l1i_prefetcher-entangling_l2c_replacement-PACIPV
410.bwaves-1963B,l1d_prefetcher-berti_l1i_prefetcher-barca_l2c_replacement-PACIPV,41,0.02509399999999995,1.3999106297589485,1.767449,1.792543,l1d_prefetcher-berti_l1i_prefetcher-entangling_l2c_replacement-mockingjay
410.bwaves-1963B,l1d_prefetcher-gaze_l1i_prefetcher-entangling_l2c_replacement-mockingjay,56,0.50194,26.96495694492421,1.359513,1.861453,l1d_prefetcher-berti_l1i_prefetcher-entangling_l2c_replacement-PACIPV
410.bwaves-1963B,l1d_prefetcher-gaze_l1i_prefetcher-entangling_l2c_replacement-PACIPV,56,0.50194,26.96495694492421,1.359513,1.861453,l1d_prefetcher-berti_l1i_prefetcher-entangling_l2c_replacement-PACIPV
410.bwaves-1963B,l1d_prefetcher-gaze_l1i_prefetcher-barca_l2c_replacement-mockingjay,56,0.50194,26.96495694492421,1.359513,1.861453,l1d_prefetcher-berti_l1i_prefetcher-entangling_l2c_replacement-PACIPV
410.bwaves-1963B,l1d_prefetcher-gaze_l1i_prefetcher-barca_l2c_replacement-PACIPV,56,0.50194,26.96495694492421,1.359513,1.861453,l1d_prefetcher-berti_l1i_prefetcher-entangling_l2c_replacement-PACIPV
416.gamess-875B,l1d_prefetcher-berti_l1i_prefetcher-entangling_l2c_replacement-mockingjay,52,0.012930000000000108,1.3110119937825897,0.973331,0.986261,l1d_prefetcher-gaze_l1i_prefetcher-barca_l2c_replacement-mockingjay
416.gamess-875B,l1d_prefetcher-berti_l1i_prefetcher-entangling_l2c_replacement-PACIPV,52,0.012930000000000108,1.3110119937825897,0.973331,0.986261,l1d_prefetcher-gaze_l1i_prefetcher-barca_l2c_replacement-mockingjay
416.gamess-875B,l1d_prefetcher-berti_l1i_prefetcher-barca_l2c_replacement-mockingjay,52,0.012745000000000006,1.2922542815745535,0.973516,0.986261,l1d_prefetcher-gaze_l1i_prefetcher-barca_l2c_replacement-mockingjay
416.gamess-875B,l1d_prefetcher-berti_l1i_prefetcher-barca_l2c_replacement-PACIPV,52,0.012745000000000006,1.2922542815745535,0.973516,0.986261,l1d_prefetcher-gaze_l1i_prefetcher-barca_l2c_replacement-mockingjay
416.gamess-875B,l1d_prefetcher-gaze_l1i_prefetcher-entangling_l2c_replacement-mockingjay,81,0.022127000000000008,2.4794629380408812,0.870284,0.892411,l1d_prefetcher-berti_l1i_prefetcher-entangling_l2c_replacement-mockingjay
416.gamess-875B,l1d_prefetcher-gaze_l1i_prefetcher-entangling_l2c_replacement-PACIPV,81,0.022127000000000008,2.4794629380408812,0.870284,0.892411,l1d_prefetcher-berti_l1i_prefetcher-entangling_l2c_replacement-mockingjay
416.gamess-875B,l1d_prefetcher-gaze_l1i_prefetcher-barca_l2c_replacement-mockingjay,81,0.02255499999999999,2.527422902676008,0.869856,0.892411,l1d_prefetcher-berti_l1i_prefetcher-entangling_l2c_replacement-mockingjay
416.gamess-875B,l1d_prefetcher-gaze_l1i_prefetcher-barca_l2c_replacement-PACIPV,81,0.02255499999999999,2.527422902676008,0.869856,0.892411,l1d_prefetcher-berti_l1i_prefetcher-entangling_l2c_replacement-mockingjay
429.mcf-184B,l1d_prefetcher-berti_l1i_prefetcher-entangling_l2c_replacement-mockingjay,14,0.0003290000000000029,0.8407226637364958,0.038804,0.039133,l1d_prefetcher-gaze_l1i_prefetcher-entangling_l2c_replacement-PACIPV
429.mcf-184B,l1d_prefetcher-berti_l1i_prefetcher-entangling_l2c_replacement-PACIPV,14,0.0002950000000000036,0.7538394705236082,0.038838,0.039133,l1d_prefetcher-gaze_l1i_prefetcher-entangling_l2c_replacement-PACIPV
429.mcf-184B,l1d_prefetcher-berti_l1i_prefetcher-barca_l2c_replacement-mockingjay,14,0.0003290000000000029,0.8407226637364958,0.038804,0.039133,l1d_prefetcher-gaze_l1i_prefetcher-entangling_l2c_replacement-PACIPV
429.mcf-184B,l1d_prefetcher-berti_l1i_prefetcher-barca_l2c_replacement-PACIPV,14,0.0002950000000000036,0.7538394705236082,0.038838,0.039133,l1d_prefetcher-gaze_l1i_prefetcher-entangling_l2c_replacement-PACIPV
429.mcf-184B,l1d_prefetcher-gaze_l1i_prefetcher-entangling_l2c_replacement-mockingjay,6,0.0014799999999999952,2.287445325420002,0.063221,0.064701,l1d_prefetcher-berti_l1i_prefetcher-entangling_l2c_replacement-mockingjay
429.mcf-184B,l1d_prefetcher-gaze_l1i_prefetcher-entangling_l2c_replacement-PACIPV,6,0.001466999999999996,2.2673529002642865,0.063234,0.064701,l1d_prefetcher-berti_l1i_prefetcher-entangling_l2c_replacement-mockingjay
429.mcf-184B,l1d_prefetcher-gaze_l1i_prefetcher-barca_l2c_replacement-mockingjay,6,0.0014799999999999952,2.287445325420002,0.063221,0.064701,l1d_prefetcher-berti_l1i_prefetcher-entangling_l2c_replacement-mockingjay
429.mcf-184B,l1d_prefetcher-gaze_l1i_prefetcher-barca_l2c_replacement-PACIPV,6,0.001466999999999996,2.2673529002642865,0.063234,0.064701,l1d_prefetcher-berti_l1i_prefetcher-entangling_l2c_replacement-mockingjay
433.milc-127B,l1d_prefetcher-berti_l1i_prefetcher-entangling_l2c_replacement-mockingjay,99,0.03170899999999999,5.245084335874629,0.572838,0.604547,l1d_prefetcher-gaze_l1i_prefetcher-entangling_l2c_replacement-PACIPV
433.milc-127B,l1d_prefetcher-berti_l1i_prefetcher-entangling_l2c_replacement-PACIPV,99,0.02931399999999995,4.848919935091887,0.575233,0.604547,l1d_prefetcher-gaze_l1i_prefetcher-entangling_l2c_replacement-PACIPV
433.milc-127B,l1d_prefetcher-berti_l1i_prefetcher-barca_l2c_replacement-mockingjay,99,0.03170899999999999,5.245084335874629,0.572838,0.604547,l1d_prefetcher-gaze_l1i_prefetcher-entangling_l2c_replacement-PACIPV
433.milc-127B,l1d_prefetcher-berti_l1i_prefetcher-barca_l2c_replacement-PACIPV,99,0.02931399999999995,4.848919935091887,0.575233,0.604547,l1d_prefetcher-gaze_l1i_prefetcher-entangling_l2c_replacement-PACIPV
433.milc-127B,l1d_prefetcher-gaze_l1i_prefetcher-entangling_l2c_replacement-mockingjay,44,0.003720000000000001,1.3424562619088865,0.273384,0.277104,l1d_prefetcher-berti_l1i_prefetcher-entangling_l2c_replacement-PACIPV
433.milc-127B,l1d_prefetcher-gaze_l1i_prefetcher-entangling_l2c_replacement-PACIPV,44,0.003720000000000001,1.3424562619088865,0.273384,0.277104,l1d_prefetcher-berti_l1i_prefetcher-entangling_l2c_replacement-PACIPV
433.milc-127B,l1d_prefetcher-gaze_l1i_prefetcher-barca_l2c_replacement-mockingjay,44,0.003720000000000001,1.3424562619088865,0.273384,0.277104,l1d_prefetcher-berti_l1i_prefetcher-entangling_l2c_replacement-PACIPV
433.milc-127B,l1d_prefetcher-gaze_l1i_prefetcher-barca_l2c_replacement-PACIPV,44,0.003720000000000001,1.3424562619088865,0.273384,0.277104,l1d_prefetcher-berti_l1i_prefetcher-entangling_l2c_replacement-PACIPV
434.zeusmp-10B,l1d_prefetcher-berti_l1i_prefetcher-entangling_l2c_replacement-mockingjay,94,0.006796999999999942,1.3008313684661676,0.515715,0.522512,l1d_prefetcher-gaze_l1i_prefetcher-entangling_l2c_replacement-mockingjay
434.zeusmp-10B,l1d_prefetcher-berti_l1i_prefetcher-entangling_l2c_replacement-PACIPV,94,0.006796999999999942,1.3008313684661676,0.515715,0.522512,l1d_prefetcher-gaze_l1i_prefetcher-entangling_l2c_replacement-mockingjay
434.zeusmp-10B,l1d_prefetcher-berti_l1i_prefetcher-barca_l2c_replacement-mockingjay,94,0.006796999999999942,1.3008313684661676,0.515715,0.522512,l1d_prefetcher-gaze_l1i_prefetcher-entangling_l2c_replacement-mockingjay
434.zeusmp-10B,l1d_prefetcher-berti_l1i_prefetcher-barca_l2c_replacement-PACIPV,94,0.006796999999999942,1.3008313684661676,0.515715,0.522512,l1d_prefetcher-gaze_l1i_prefetcher-entangling_l2c_replacement-mockingjay
434.zeusmp-10B,l1d_prefetcher-gaze_l1i_prefetcher-entangling_l2c_replacement-mockingjay,35,0.12138899999999997,6.847431162696506,1.651378,1.772767,l1d_prefetcher-berti_l1i_prefetcher-entangling_l2c_replacement-mockingjay
434.zeusmp-10B,l1d_prefetcher-gaze_l1i_prefetcher-entangling_l2c_replacement-PACIPV,35,0.12138899999999997,6.847431162696506,1.651378,1.772767,l1d_prefetcher-berti_l1i_prefetcher-entangling_l2c_replacement-mockingjay
434.zeusmp-10B,l1d_prefetcher-gaze_l1i_prefetcher-barca_l2c_replacement-mockingjay,35,0.12138899999999997,6.847431162696506,1.651378,1.772767,l1d_prefetcher-berti_l1i_prefetcher-entangling_l2c_replacement-mockingjay
434.zeusmp-10B,l1d_prefetcher-gaze_l1i_prefetcher-barca_l2c_replacement-PACIPV,35,0.12138899999999997,6.847431162696506,1.651378,1.772767,l1d_prefetcher-berti_l1i_prefetcher-entangling_l2c_replacement-mockingjay
435.gromacs-111B,l1d_prefetcher-berti_l1i_prefetcher-entangling_l2c_replacement-mockingjay,26,0.007863999999999982,1.0612413446888653,0.733155,0.741019,l1d_prefetcher-gaze_l1i_prefetcher-entangling_l2c_replacement-mockingjay
435.gromacs-111B,l1d_prefetcher-berti_l1i_prefetcher-entangling_l2c_replacement-PACIPV,26,0.007863999999999982,1.0612413446888653,0.733155,0.741019,l1d_prefetcher-gaze_l1i_prefetcher-entangling_l2c_replacement-mockingjay
435.gromacs-111B,l1d_prefetcher-berti_l1i_prefetcher-barca_l2c_replacement-mockingjay,26,0.007863999999999982,1.0612413446888653,0.733155,0.741019,l1d_prefetcher-gaze_l1i_prefetcher-entangling_l2c_replacement-mockingjay
435.gromacs-111B,l1d_prefetcher-berti_l1i_prefetcher-barca_l2c_replacement-PACIPV,26,0.007863999999999982,1.0612413446888653,0.733155,0.741019,l1d_prefetcher-gaze_l1i_prefetcher-entangling_l2c_replacement-mockingjay
435.gromacs-111B,l1d_prefetcher-gaze_l1i_prefetcher-entangling_l2c_replacement-mockingjay,38,0.031043000000000043,6.04853165819747,0.482189,0.513232,l1d_prefetcher-berti_l1i_prefetcher-entangling_l2c_replacement-mockingjay
435.gromacs-111B,l1d_prefetcher-gaze_l1i_prefetcher-entangling_l2c_replacement-PACIPV,38,0.031043000000000043,6.04853165819747,0.482189,0.513232,l1d_prefetcher-berti_l1i_prefetcher-entangling_l2c_replacement-mockingjay
435.gromacs-111B,l1d_prefetcher-gaze_l1i_prefetcher-barca_l2c_replacement-mockingjay,38,0.031043000000000043,6.04853165819747,0.482189,0.513232,l1d_prefetcher-berti_l1i_prefetcher-entangling_l2c_replacement-mockingjay
435.gromacs-111B,l1d_prefetcher-gaze_l1i_prefetcher-barca_l2c_replacement-PACIPV,38,0.031043000000000043,6.04853165819747,0.482189,0.513232,l1d_prefetcher-berti_l1i_prefetcher-entangling_l2c_replacement-mockingjay
436.cactusADM-1804B,l1d_prefetcher-berti_l1i_prefetcher-entangling_l2c_replacement-mockingjay,51,0.04094700000000007,3.2543489871437887,1.217277,1.258224,l1d_prefetcher-gaze_l1i_prefetcher-entangling_l2c_replacement-mockingjay
436.cactusADM-1804B,l1d_prefetcher-berti_l1i_prefetcher-entangling_l2c_replacement-PACIPV,51,0.04094700000000007,3.2543489871437887,1.217277,1.258224,l1d_prefetcher-gaze_l1i_prefetcher-entangling_l2c_replacement-mockingjay
436.cactusADM-1804B,l1d_prefetcher-berti_l1i_prefetcher-barca_l2c_replacement-mockingjay,51,0.04094700000000007,3.2543489871437887,1.217277,1.258224,l1d_prefetcher-gaze_l1i_prefetcher-entangling_l2c_replacement-mockingjay
436.cactusADM-1804B,l1d_prefetcher-berti_l1i_prefetcher-barca_l2c_replacement-PACIPV,51,0.04094700000000007,3.2543489871437887,1.217277,1.258224,l1d_prefetcher-gaze_l1i_prefetcher-entangling_l2c_replacement-mockingjay
436.cactusADM-1804B,l1d_prefetcher-gaze_l1i_prefetcher-entangling_l2c_replacement-mockingjay,86,0.039973000000000036,6.738241412210528,0.553253,0.593226,l1d_prefetcher-berti_l1i_prefetcher-entangling_l2c_replacement-mockingjay
436.cactusADM-1804B,l1d_prefetcher-gaze_l1i_prefetcher-entangling_l2c_replacement-PACIPV,85,0.03897700000000004,6.582774030325658,0.553129,0.592106,l1d_prefetcher-berti_l1i_prefetcher-entangling_l2c_replacement-PACIPV
436.cactusADM-1804B,l1d_prefetcher-gaze_l1i_prefetcher-barca_l2c_replacement-mockingjay,86,0.039973000000000036,6.738241412210528,0.553253,0.593226,l1d_prefetcher-berti_l1i_prefetcher-entangling_l2c_replacement-mockingjay
436.cactusADM-1804B,l1d_prefetcher-gaze_l1i_prefetcher-barca_l2c_replacement-PACIPV,85,0.03897700000000004,6.582774030325658,0.553129,0.592106,l1d_prefetcher-berti_l1i_prefetcher-entangling_l2c_replacement-PACIPV
437.leslie3d-134B,l1d_prefetcher-berti_l1i_prefetcher-entangling_l2c_replacement-mockingjay,7,0.05402700000000005,4.462986872984918,1.15653,1.210557,l1d_prefetcher-gaze_l1i_prefetcher-entangling_l2c_replacement-mockingjay
437.leslie3d-134B,l1d_prefetcher-berti_l1i_prefetcher-entangling_l2c_replacement-PACIPV,7,0.05402700000000005,4.462986872984918,1.15653,1.210557,l1d_prefetcher-gaze_l1i_prefetcher-entangling_l2c_replacement-mockingjay
437.leslie3d-134B,l1d_prefetcher-berti_l1i_prefetcher-barca_l2c_replacement-mockingjay,7,0.05402700000000005,4.462986872984918,1.15653,1.210557,l1d_prefetcher-gaze_l1i_prefetcher-entangling_l2c_replacement-mockingjay
437.leslie3d-134B,l1d_prefetcher-berti_l1i_prefetcher-barca_l2c_replacement-PACIPV,7,0.05402700000000005,4.462986872984918,1.15653,1.210557,l1d_prefetcher-gaze_l1i_prefetcher-entangling_l2c_replacement-mockingjay
437.leslie3d-134B,l1d_prefetcher-gaze_l1i_prefetcher-entangling_l2c_replacement-mockingjay,11,0.07884200000000008,7.93516758137518,0.914735,0.993577,l1d_prefetcher-berti_l1i_prefetcher-entangling_l2c_replacement-mockingjay
437.leslie3d-134B,l1d_prefetcher-gaze_l1i_prefetcher-entangling_l2c_replacement-PACIPV,11,0.07884200000000008,7.93516758137518,0.914735,0.993577,l1d_prefetcher-berti_l1i_prefetcher-entangling_l2c_replacement-mockingjay
437.leslie3d-134B,l1d_prefetcher-gaze_l1i_prefetcher-barca_l2c_replacement-mockingjay,11,0.07884200000000008,7.93516758137518,0.914735,0.993577,l1d_prefetcher-berti_l1i_prefetcher-entangling_l2c_replacement-mockingjay
437.leslie3d-134B,l1d_prefetcher-gaze_l1i_prefetcher-barca_l2c_replacement-PACIPV,11,0.07884200000000008,7.93516758137518,0.914735,0.993577,l1d_prefetcher-berti_l1i_prefetcher-entangling_l2c_replacement-mockingjay
444.namd-120B,l1d_prefetcher-berti_l1i_prefetcher-entangling_l2c_replacement-mockingjay,72,0.09229200000000004,4.856727281912466,1.808,1.900292,l1d_prefetcher-gaze_l1i_prefetcher-entangling_l2c_replacement-mockingjay
444.namd-120B,l1d_prefetcher-berti_l1i_prefetcher-entangling_l2c_replacement-PACIPV,72,0.09229200000000004,4.856727281912466,1.808,1.900292,l1d_prefetcher-gaze_l1i_prefetcher-entangling_l2c_replacement-mockingjay
444.namd-120B,l1d_prefetcher-berti_l1i_prefetcher-barca_l2c_replacement-mockingjay,72,0.09229200000000004,4.856727281912466,1.808,1.900292,l1d_prefetcher-gaze_l1i_prefetcher-entangling_l2c_replacement-mockingjay
444.namd-120B,l1d_prefetcher-berti_l1i_prefetcher-barca_l2c_replacement-PACIPV,72,0.09229200000000004,4.856727281912466,1.808,1.900292,l1d_prefetcher-gaze_l1i_prefetcher-entangling_l2c_replacement-mockingjay
444.namd-120B,l1d_prefetcher-gaze_l1i_prefetcher-entangling_l2c_replacement-mockingjay,59,0.0660940000000001,3.5592562256288685,1.790867,1.856961,l1d_prefetcher-berti_l1i_prefetcher-entangling_l2c_replacement-mockingjay
444.namd-120B,l1d_prefetcher-gaze_l1i_prefetcher-entangling_l2c_replacement-PACIPV,59,0.0660940000000001,3.5592562256288685,1.790867,1.856961,l1d_prefetcher-berti_l1i_prefetcher-entangling_l2c_replacement-mockingjay
444.namd-120B,l1d_prefetcher-gaze_l1i_prefetcher-barca_l2c_replacement-mockingjay,59,0.0660940000000001,3.5592562256288685,1.790867,1.856961,l1d_prefetcher-berti_l1i_prefetcher-entangling_l2c_replacement-mockingjay
444.namd-120B,l1d_prefetcher-gaze_l1i_prefetcher-barca_l2c_replacement-PACIPV,59,0.0660940000000001,3.5592562256288685,1.790867,1.856961,l1d_prefetcher-berti_l1i_prefetcher-entangling_l2c_replacement-mockingjay
445.gobmk-17B,l1d_prefetcher-berti_l1i_prefetcher-entangling_l2c_replacement-mockingjay,66,0.012577999999999978,1.9062543571961146,0.64725,0.659828,l1d_prefetcher-gaze_l1i_prefetcher-entangling_l2c_replacement-mockingjay
445.gobmk-17B,l1d_prefetcher-berti_l1i_prefetcher-entangling_l2c_replacement-PACIPV,66,0.012577999999999978,1.9062543571961146,0.64725,0.659828,l1d_prefetcher-gaze_l1i_prefetcher-entangling_l2c_replacement-mockingjay
445.gobmk-17B,l1d_prefetcher-berti_l1i_prefetcher-barca_l2c_replacement-mockingjay,17,0.015171000000000046,2.3364802636645123,0.634139,0.64931,l1d_prefetcher-gaze_l1i_prefetcher-entangling_l2c_replacement-mockingjay
445.gobmk-17B,l1d_prefetcher-berti_l1i_prefetcher-barca_l2c_replacement-PACIPV,17,0.015171000000000046,2.3364802636645123,0.634139,0.64931,l1d_prefetcher-gaze_l1i_prefetcher-entangling_l2c_replacement-mockingjay
445.gobmk-17B,l1d_prefetcher-gaze_l1i_prefetcher-entangling_l2c_replacement-mockingjay,35,0.05171600000000004,13.057551595457287,0.344346,0.396062,l1d_prefetcher-berti_l1i_prefetcher-entangling_l2c_replacement-PACIPV
445.gobmk-17B,l1d_prefetcher-gaze_l1i_prefetcher-entangling_l2c_replacement-PACIPV,35,0.05171600000000004,13.057551595457287,0.344346,0.396062,l1d_prefetcher-berti_l1i_prefetcher-entangling_l2c_replacement-PACIPV
445.gobmk-17B,l1d_prefetcher-gaze_l1i_prefetcher-barca_l2c_replacement-mockingjay,35,0.052727000000000024,13.312814660330963,0.343335,0.396062,l1d_prefetcher-berti_l1i_prefetcher-entangling_l2c_replacement-PACIPV
445.gobmk-17B,l1d_prefetcher-gaze_l1i_prefetcher-barca_l2c_replacement-PACIPV,35,0.053344,13.468598350763264,0.342718,0.396062,l1d_prefetcher-berti_l1i_prefetcher-entangling_l2c_replacement-PACIPV
447.dealII-3B,l1d_prefetcher-berti_l1i_prefetcher-entangling_l2c_replacement-mockingjay,20,0.054645000000000055,4.0588961466298095,1.291657,1.346302,l1d_prefetcher-gaze_l1i_prefetcher-entangling_l2c_replacement-mockingjay
447.dealII-3B,l1d_prefetcher-berti_l1i_prefetcher-entangling_l2c_replacement-PACIPV,20,0.054645000000000055,4.0588961466298095,1.291657,1.346302,l1d_prefetcher-gaze_l1i_prefetcher-entangling_l2c_replacement-mockingjay
447.dealII-3B,l1d_prefetcher-berti_l1i_prefetcher-barca_l2c_replacement-mockingjay,20,0.054645000000000055,4.0588961466298095,1.291657,1.346302,l1d_prefetcher-gaze_l1i_prefetcher-entangling_l2c_replacement-mockingjay
447.dealII-3B,l1d_prefetcher-berti_l1i_prefetcher-barca_l2c_replacement-PACIPV,20,0.054645000000000055,4.0588961466298095,1.291657,1.346302,l1d_prefetcher-gaze_l1i_prefetcher-entangling_l2c_replacement-mockingjay
447.dealII-3B,l1d_prefetcher-gaze_l1i_prefetcher-entangling_l2c_replacement-mockingjay,30,0.011574000000000084,1.2057619042162167,0.948317,0.959891,l1d_prefetcher-berti_l1i_prefetcher-entangling_l2c_replacement-mockingjay
447.dealII-3B,l1d_prefetcher-gaze_l1i_prefetcher-entangling_l2c_replacement-PACIPV,30,0.011574000000000084,1.2057619042162167,0.948317,0.959891,l1d_prefetcher-berti_l1i_prefetcher-entangling_l2c_replacement-mockingjay
447.dealII-3B,l1d_prefetcher-gaze_l1i_prefetcher-barca_l2c_replacement-mockingjay,30,0.011574000000000084,1.2057619042162167,0.948317,0.959891,l1d_prefetcher-berti_l1i_prefetcher-entangling_l2c_replacement-mockingjay
447.dealII-3B,l1d_prefetcher-gaze_l1i_prefetcher-barca_l2c_replacement-PACIPV,30,0.011574000000000084,1.2057619042162167,0.948317,0.959891,l1d_prefetcher-berti_l1i_prefetcher-entangling_l2c_replacement-mockingjay
450.soplex-247B,l1d_prefetcher-berti_l1i_prefetcher-entangling_l2c_replacement-mockingjay,9,0.099545,8.893401577574815,1.019768,1.119313,l1d_prefetcher-gaze_l1i_prefetcher-entangling_l2c_replacement-PACIPV
450.soplex-247B,l1d_prefetcher-berti_l1i_prefetcher-entangling_l2c_replacement-PACIPV,9,0.09462799999999993,8.454114264732022,1.024685,1.119313,l1d_prefetcher-gaze_l1i_prefetcher-entangling_l2c_replacement-PACIPV
450.soplex-247B,l1d_prefetcher-berti_l1i_prefetcher-barca_l2c_replacement-mockingjay,9,0.099545,8.893401577574815,1.019768,1.119313,l1d_prefetcher-gaze_l1i_prefetcher-entangling_l2c_replacement-PACIPV
450.soplex-247B,l1d_prefetcher-berti_l1i_prefetcher-barca_l2c_replacement-PACIPV,9,0.09462799999999993,8.454114264732022,1.024685,1.119313,l1d_prefetcher-gaze_l1i_prefetcher-entangling_l2c_replacement-PACIPV
450.soplex-247B,l1d_prefetcher-gaze_l1i_prefetcher-entangling_l2c_replacement-mockingjay,40,0.32213400000000003,37.60054252988409,0.534593,0.856727,l1d_prefetcher-berti_l1i_prefetcher-entangling_l2c_replacement-PACIPV
450.soplex-247B,l1d_prefetcher-gaze_l1i_prefetcher-entangling_l2c_replacement-PACIPV,40,0.32213400000000003,37.60054252988409,0.534593,0.856727,l1d_prefetcher-berti_l1i_prefetcher-entangling_l2c_replacement-PACIPV
450.soplex-247B,l1d_prefetcher-gaze_l1i_prefetcher-barca_l2c_replacement-mockingjay,40,0.32213400000000003,37.60054252988409,0.534593,0.856727,l1d_prefetcher-berti_l1i_prefetcher-entangling_l2c_replacement-PACIPV
450.soplex-247B,l1d_prefetcher-gaze_l1i_prefetcher-barca_l2c_replacement-PACIPV,40,0.32213400000000003,37.60054252988409,0.534593,0.856727,l1d_prefetcher-berti_l1i_prefetcher-entangling_l2c_replacement-PACIPV
453.povray-252B,l1d_prefetcher-berti_l1i_prefetcher-entangling_l2c_replacement-mockingjay,4,0.01155600000000001,1.9612968048309427,0.577646,0.589202,l1d_prefetcher-gaze_l1i_prefetcher-barca_l2c_replacement-mockingjay
453.povray-252B,l1d_prefetcher-berti_l1i_prefetcher-entangling_l2c_replacement-PACIPV,4,0.01155600000000001,1.9612968048309427,0.577646,0.589202,l1d_prefetcher-gaze_l1i_prefetcher-barca_l2c_replacement-mockingjay
453.povray-252B,l1d_prefetcher-berti_l1i_prefetcher-barca_l2c_replacement-mockingjay,4,0.012546999999999975,2.129490395484057,0.576655,0.589202,l1d_prefetcher-gaze_l1i_prefetcher-barca_l2c_replacement-mockingjay
453.povray-252B,l1d_prefetcher-berti_l1i_prefetcher-barca_l2c_replacement-PACIPV,4,0.012546999999999975,2.129490395484057,0.576655,0.589202,l1d_prefetcher-gaze_l1i_prefetcher-barca_l2c_replacement-mockingjay
453.povray-252B,l1d_prefetcher-gaze_l1i_prefetcher-entangling_l2c_replacement-mockingjay,72,0.0037679999999999936,0.7207855184854309,0.518995,0.522763,l1d_prefetcher-gaze_l1i_prefetcher-barca_l2c_replacement-mockingjay
453.povray-252B,l1d_prefetcher-gaze_l1i_prefetcher-entangling_l2c_replacement-PACIPV,72,0.0037679999999999936,0.7207855184854309,0.518995,0.522763,l1d_prefetcher-gaze_l1i_prefetcher-barca_l2c_replacement-mockingjay
453.povray-252B,l1d_prefetcher-gaze_l1i_prefetcher-barca_l2c_replacement-mockingjay,88,0.0036920000000000286,0.6915761454932403,0.530161,0.533853,l1d_prefetcher-berti_l1i_prefetcher-barca_l2c_replacement-mockingjay
453.povray-252B,l1d_prefetcher-gaze_l1i_prefetcher-barca_l2c_replacement-PACIPV,88,0.0036920000000000286,0.6915761454932403,0.530161,0.533853,l1d_prefetcher-berti_l1i_prefetcher-barca_l2c_replacement-mockingjay
454.calculix-104B,l1d_prefetcher-berti_l1i_prefetcher-entangling_l2c_replacement-mockingjay,45,0.034351999999999716,1.1675323236381017,2.907922,2.942274,l1d_prefetcher-gaze_l1i_prefetcher-entangling_l2c_replacement-mockingjay
454.calculix-104B,l1d_prefetcher-berti_l1i_prefetcher-entangling_l2c_replacement-PACIPV,45,0.034351999999999716,1.1675323236381017,2.907922,2.942274,l1d_prefetcher-gaze_l1i_prefetcher-entangling_l2c_replacement-mockingjay
454.calculix-104B,l1d_prefetcher-berti_l1i_prefetcher-barca_l2c_replacement-mockingjay,45,0.034351999999999716,1.1675323236381017,2.907922,2.942274,l1d_prefetcher-gaze_l1i_prefetcher-entangling_l2c_replacement-mockingjay
454.calculix-104B,l1d_prefetcher-berti_l1i_prefetcher-barca_l2c_replacement-PACIPV,45,0.034351999999999716,1.1675323236381017,2.907922,2.942274,l1d_prefetcher-gaze_l1i_prefetcher-entangling_l2c_replacement-mockingjay
454.calculix-104B,l1d_prefetcher-gaze_l1i_prefetcher-entangling_l2c_replacement-mockingjay,69,0.04858299999999982,1.674534447506684,2.852701,2.901284,l1d_prefetcher-berti_l1i_prefetcher-entangling_l2c_replacement-mockingjay
454.calculix-104B,l1d_prefetcher-gaze_l1i_prefetcher-entangling_l2c_replacement-PACIPV,69,0.04858299999999982,1.674534447506684,2.852701,2.901284,l1d_prefetcher-berti_l1i_prefetcher-entangling_l2c_replacement-mockingjay
454.calculix-104B,l1d_prefetcher-gaze_l1i_prefetcher-barca_l2c_replacement-mockingjay,69,0.04858299999999982,1.674534447506684,2.852701,2.901284,l1d_prefetcher-berti_l1i_prefetcher-entangling_l2c_replacement-mockingjay
454.calculix-104B,l1d_prefetcher-gaze_l1i_prefetcher-barca_l2c_replacement-PACIPV,69,0.04858299999999982,1.674534447506684,2.852701,2.901284,l1d_prefetcher-berti_l1i_prefetcher-entangling_l2c_replacement-mockingjay
456.hmmer-191B,l1d_prefetcher-berti_l1i_prefetcher-entangling_l2c_replacement-mockingjay,0,0.02268300000000001,1.2772153630713985,1.75329,1.775973,l1d_prefetcher-gaze_l1i_prefetcher-entangling_l2c_replacement-mockingjay
456.hmmer-191B,l1d_prefetcher-berti_l1i_prefetcher-entangling_l2c_replacement-PACIPV,0,0.02268300000000001,1.2772153630713985,1.75329,1.775973,l1d_prefetcher-gaze_l1i_prefetcher-entangling_l2c_replacement-mockingjay
456.hmmer-191B,l1d_prefetcher-berti_l1i_prefetcher-barca_l2c_replacement-mockingjay,0,0.02268300000000001,1.2772153630713985,1.75329,1.775973,l1d_prefetcher-gaze_l1i_prefetcher-entangling_l2c_replacement-mockingjay
456.hmmer-191B,l1d_prefetcher-berti_l1i_prefetcher-barca_l2c_replacement-PACIPV,0,0.02268300000000001,1.2772153630713985,1.75329,1.775973,l1d_prefetcher-gaze_l1i_prefetcher-entangling_l2c_replacement-mockingjay
456.hmmer-191B,l1d_prefetcher-gaze_l1i_prefetcher-entangling_l2c_replacement-mockingjay,63,0.11288799999999988,6.263277590340316,1.689491,1.802379,l1d_prefetcher-berti_l1i_prefetcher-entangling_l2c_replacement-mockingjay
456.hmmer-191B,l1d_prefetcher-gaze_l1i_prefetcher-entangling_l2c_replacement-PACIPV,63,0.11288799999999988,6.263277590340316,1.689491,1.802379,l1d_prefetcher-berti_l1i_prefetcher-entangling_l2c_replacement-mockingjay
456.hmmer-191B,l1d_prefetcher-gaze_l1i_prefetcher-barca_l2c_replacement-mockingjay,63,0.11288799999999988,6.263277590340316,1.689491,1.802379,l1d_prefetcher-berti_l1i_prefetcher-entangling_l2c_replacement-mockingjay
456.hmmer-191B,l1d_prefetcher-gaze_l1i_prefetcher-barca_l2c_replacement-PACIPV,63,0.11288799999999988,6.263277590340316,1.689491,1.802379,l1d_prefetcher-berti_l1i_prefetcher-entangling_l2c_replacement-mockingjay
458.sjeng-1088B,l1d_prefetcher-berti_l1i_prefetcher-entangling_l2c_replacement-mockingjay,40,0.00776599999999994,0.9823677263234248,0.782773,0.790539,l1d_prefetcher-gaze_l1i_prefetcher-barca_l2c_replacement-mockingjay
458.sjeng-1088B,l1d_prefetcher-berti_l1i_prefetcher-entangling_l2c_replacement-PACIPV,40,0.00776599999999994,0.9823677263234248,0.782773,0.790539,l1d_prefetcher-gaze_l1i_prefetcher-barca_l2c_replacement-mockingjay
458.sjeng-1088B,l1d_prefetcher-berti_l1i_prefetcher-barca_l2c_replacement-mockingjay,40,0.007774999999999976,0.9835061900804357,0.782764,0.790539,l1d_prefetcher-gaze_l1i_prefetcher-barca_l2c_replacement-mockingjay
458.sjeng-1088B,l1d_prefetcher-berti_l1i_prefetcher-barca_l2c_replacement-PACIPV,40,0.007774999999999976,0.9835061900804357,0.782764,0.790539,l1d_prefetcher-gaze_l1i_prefetcher-barca_l2c_replacement-mockingjay
458.sjeng-1088B,l1d_prefetcher-gaze_l1i_prefetcher-entangling_l2c_replacement-mockingjay,72,0.009471000000000007,1.2890940816820982,0.725231,0.734702,l1d_prefetcher-berti_l1i_prefetcher-barca_l2c_replacement-mockingjay
458.sjeng-1088B,l1d_prefetcher-gaze_l1i_prefetcher-entangling_l2c_replacement-PACIPV,72,0.009471000000000007,1.2890940816820982,0.725231,0.734702,l1d_prefetcher-berti_l1i_prefetcher-barca_l2c_replacement-mockingjay
458.sjeng-1088B,l1d_prefetcher-gaze_l1i_prefetcher-barca_l2c_replacement-mockingjay,87,0.008210999999999968,1.1962674009484426,0.678174,0.686385,l1d_prefetcher-berti_l1i_prefetcher-entangling_l2c_replacement-mockingjay
458.sjeng-1088B,l1d_prefetcher-gaze_l1i_prefetcher-barca_l2c_replacement-PACIPV,87,0.008210999999999968,1.1962674009484426,0.678174,0.686385,l1d_prefetcher-berti_l1i_prefetcher-entangling_l2c_replacement-mockingjay
459.GemsFDTD-1169B,l1d_prefetcher-berti_l1i_prefetcher-entangling_l2c_replacement-mockingjay,31,0.17445500000000003,13.996418559946603,1.071971,1.246426,l1d_prefetcher-gaze_l1i_prefetcher-entangling_l2c_replacement-mockingjay
459.GemsFDTD-1169B,l1d_prefetcher-berti_l1i_prefetcher-entangling_l2c_replacement-PACIPV,31,0.1757470000000001,14.10007493425202,1.070679,1.246426,l1d_prefetcher-gaze_l1i_prefetcher-entangling_l2c_replacement-mockingjay
459.GemsFDTD-1169B,l1d_prefetcher-berti_l1i_prefetcher-barca_l2c_replacement-mockingjay,31,0.17445500000000003,13.996418559946603,1.071971,1.246426,l1d_prefetcher-gaze_l1i_prefetcher-entangling_l2c_replacement-mockingjay
459.GemsFDTD-1169B,l1d_prefetcher-berti_l1i_prefetcher-barca_l2c_replacement-PACIPV,31,0.1757470000000001,14.10007493425202,1.070679,1.246426,l1d_prefetcher-gaze_l1i_prefetcher-entangling_l2c_replacement-mockingjay
459.GemsFDTD-1169B,l1d_prefetcher-gaze_l1i_prefetcher-entangling_l2c_replacement-mockingjay,48,0.011150999999999911,0.5057145150632681,2.193848,2.204999,l1d_prefetcher-berti_l1i_prefetcher-entangling_l2c_replacement-mockingjay
459.GemsFDTD-1169B,l1d_prefetcher-gaze_l1i_prefetcher-entangling_l2c_replacement-PACIPV,48,0.011150999999999911,0.5057145150632681,2.193848,2.204999,l1d_prefetcher-berti_l1i_prefetcher-entangling_l2c_replacement-mockingjay
459.GemsFDTD-1169B,l1d_prefetcher-gaze_l1i_prefetcher-barca_l2c_replacement-mockingjay,48,0.011150999999999911,0.5057145150632681,2.193848,2.204999,l1d_prefetcher-berti_l1i_prefetcher-entangling_l2c_replacement-mockingjay
459.GemsFDTD-1169B,l1d_prefetcher-gaze_l1i_prefetcher-barca_l2c_replacement-PACIPV,48,0.011150999999999911,0.5057145150632681,2.193848,2.204999,l1d_prefetcher-berti_l1i_prefetcher-entangling_l2c_replacement-mockingjay
462.libquantum-1343B,l1d_prefetcher-berti_l1i_prefetcher-entangling_l2c_replacement-mockingjay,44,0.176709,12.106714533826164,1.282886,1.459595,l1d_prefetcher-gaze_l1i_prefetcher-entangling_l2c_replacement-PACIPV
462.libquantum-1343B,l1d_prefetcher-berti_l1i_prefetcher-entangling_l2c_replacement-PACIPV,44,0.16660199999999992,11.414262175466476,1.292993,1.459595,l1d_prefetcher-gaze_l1i_prefetcher-entangling_l2c_replacement-PACIPV
462.libquantum-1343B,l1d_prefetcher-berti_l1i_prefetcher-barca_l2c_replacement-mockingjay,44,0.176709,12.106714533826164,1.282886,1.459595,l1d_prefetcher-gaze_l1i_prefetcher-entangling_l2c_replacement-PACIPV
462.libquantum-1343B,l1d_prefetcher-berti_l1i_prefetcher-barca_l2c_replacement-PACIPV,44,0.16660199999999992,11.414262175466476,1.292993,1.459595,l1d_prefetcher-gaze_l1i_prefetcher-entangling_l2c_replacement-PACIPV
462.libquantum-1343B,l1d_prefetcher-gaze_l1i_prefetcher-entangling_l2c_replacement-mockingjay,18,0.009848999999999997,0.6797007632744888,1.439171,1.44902,l1d_prefetcher-gaze_l1i_prefetcher-entangling_l2c_replacement-PACIPV
462.libquantum-1343B,l1d_prefetcher-gaze_l1i_prefetcher-entangling_l2c_replacement-PACIPV,15,0.007006000000000068,0.47967377253905774,1.45357,1.460576,l1d_prefetcher-gaze_l1i_prefetcher-entangling_l2c_replacement-mockingjay
462.libquantum-1343B,l1d_prefetcher-gaze_l1i_prefetcher-barca_l2c_replacement-mockingjay,18,0.009848999999999997,0.6797007632744888,1.439171,1.44902,l1d_prefetcher-gaze_l1i_prefetcher-entangling_l2c_replacement-PACIPV
462.libquantum-1343B,l1d_prefetcher-gaze_l1i_prefetcher-barca_l2c_replacement-PACIPV,15,0.007006000000000068,0.47967377253905774,1.45357,1.460576,l1d_prefetcher-gaze_l1i_prefetcher-entangling_l2c_replacement-mockingjay
464.h264ref-30B,l1d_prefetcher-berti_l1i_prefetcher-entangling_l2c_replacement-mockingjay,57,0.136347,8.08857945758163,1.549326,1.685673,l1d_prefetcher-gaze_l1i_prefetcher-entangling_l2c_replacement-mockingjay
464.h264ref-30B,l1d_prefetcher-berti_l1i_prefetcher-entangling_l2c_replacement-PACIPV,57,0.136347,8.08857945758163,1.549326,1.685673,l1d_prefetcher-gaze_l1i_prefetcher-entangling_l2c_replacement-mockingjay
464.h264ref-30B,l1d_prefetcher-berti_l1i_prefetcher-barca_l2c_replacement-mockingjay,57,0.136347,8.08857945758163,1.549326,1.685673,l1d_prefetcher-gaze_l1i_prefetcher-entangling_l2c_replacement-mockingjay
464.h264ref-30B,l1d_prefetcher-berti_l1i_prefetcher-barca_l2c_replacement-PACIPV,57,0.136347,8.08857945758163,1.549326,1.685673,l1d_prefetcher-gaze_l1i_prefetcher-entangling_l2c_replacement-mockingjay
464.h264ref-30B,l1d_prefetcher-gaze_l1i_prefetcher-entangling_l2c_replacement-mockingjay,81,0.05549100000000018,4.191061847447809,1.268541,1.324032,l1d_prefetcher-berti_l1i_prefetcher-entangling_l2c_replacement-mockingjay
464.h264ref-30B,l1d_prefetcher-gaze_l1i_prefetcher-entangling_l2c_replacement-PACIPV,81,0.05549100000000018,4.191061847447809,1.268541,1.324032,l1d_prefetcher-berti_l1i_prefetcher-entangling_l2c_replacement-mockingjay
464.h264ref-30B,l1d_prefetcher-gaze_l1i_prefetcher-barca_l2c_replacement-mockingjay,81,0.05549100000000018,4.191061847447809,1.268541,1.324032,l1d_prefetcher-berti_l1i_prefetcher-entangling_l2c_replacement-mockingjay
464.h264ref-30B,l1d_prefetcher-gaze_l1i_prefetcher-barca_l2c_replacement-PACIPV,81,0.05549100000000018,4.191061847447809,1.268541,1.324032,l1d_prefetcher-berti_l1i_prefetcher-entangling_l2c_replacement-mockingjay
465.tonto-1914B,l1d_prefetcher-berti_l1i_prefetcher-entangling_l2c_replacement-mockingjay,69,0.09784100000000007,7.583062909172364,1.192416,1.290257,l1d_prefetcher-gaze_l1i_prefetcher-entangling_l2c_replacement-mockingjay
465.tonto-1914B,l1d_prefetcher-berti_l1i_prefetcher-entangling_l2c_replacement-PACIPV,69,0.09771299999999994,7.573142404962728,1.192544,1.290257,l1d_prefetcher-gaze_l1i_prefetcher-entangling_l2c_replacement-mockingjay
465.tonto-1914B,l1d_prefetcher-berti_l1i_prefetcher-barca_l2c_replacement-mockingjay,69,0.09784100000000007,7.583062909172364,1.192416,1.290257,l1d_prefetcher-gaze_l1i_prefetcher-entangling_l2c_replacement-mockingjay
465.tonto-1914B,l1d_prefetcher-berti_l1i_prefetcher-barca_l2c_replacement-PACIPV,69,0.09771299999999994,7.573142404962728,1.192544,1.290257,l1d_prefetcher-gaze_l1i_prefetcher-entangling_l2c_replacement-mockingjay
465.tonto-1914B,l1d_prefetcher-gaze_l1i_prefetcher-entangling_l2c_replacement-mockingjay,83,0.04762899999999992,5.466912604465208,0.823594,0.871223,l1d_prefetcher-berti_l1i_prefetcher-barca_l2c_replacement-mockingjay
465.tonto-1914B,l1d_prefetcher-gaze_l1i_prefetcher-entangling_l2c_replacement-PACIPV,83,0.04762899999999992,5.466912604465208,0.823594,0.871223,l1d_prefetcher-berti_l1i_prefetcher-barca_l2c_replacement-mockingjay
465.tonto-1914B,l1d_prefetcher-gaze_l1i_prefetcher-barca_l2c_replacement-mockingjay,83,0.04871599999999998,5.5916797421555655,0.822507,0.871223,l1d_prefetcher-berti_l1i_prefetcher-barca_l2c_replacement-mockingjay
465.tonto-1914B,l1d_prefetcher-gaze_l1i_prefetcher-barca_l2c_replacement-PACIPV,83,0.04871599999999998,5.5916797421555655,0.822507,0.871223,l1d_prefetcher-berti_l1i_prefetcher-barca_l2c_replacement-mockingjay
470.lbm-1274B,l1d_prefetcher-berti_l1i_prefetcher-entangling_l2c_replacement-mockingjay,50,0.23174899999999998,15.734593102006093,1.241114,1.472863,l1d_prefetcher-gaze_l1i_prefetcher-entangling_l2c_replacement-mockingjay
470.lbm-1274B,l1d_prefetcher-berti_l1i_prefetcher-entangling_l2c_replacement-PACIPV,44,0.230448,15.81467741072127,1.22673,1.457178,l1d_prefetcher-gaze_l1i_prefetcher-entangling_l2c_replacement-mockingjay
470.lbm-1274B,l1d_prefetcher-berti_l1i_prefetcher-barca_l2c_replacement-mockingjay,50,0.23174899999999998,15.734593102006093,1.241114,1.472863,l1d_prefetcher-gaze_l1i_prefetcher-entangling_l2c_replacement-mockingjay
470.lbm-1274B,l1d_prefetcher-berti_l1i_prefetcher-barca_l2c_replacement-PACIPV,44,0.230448,15.81467741072127,1.22673,1.457178,l1d_prefetcher-gaze_l1i_prefetcher-entangling_l2c_replacement-mockingjay
470.lbm-1274B,l1d_prefetcher-gaze_l1i_prefetcher-entangling_l2c_replacement-mockingjay,73,0.013113999999999848,0.8750250216854506,1.485586,1.4987,l1d_prefetcher-gaze_l1i_prefetcher-entangling_l2c_replacement-PACIPV
470.lbm-1274B,l1d_prefetcher-gaze_l1i_prefetcher-entangling_l2c_replacement-PACIPV,11,0.009570999999999996,0.6427963623004733,1.479392,1.488963,l1d_prefetcher-gaze_l1i_prefetcher-entangling_l2c_replacement-mockingjay
470.lbm-1274B,l1d_prefetcher-gaze_l1i_prefetcher-barca_l2c_replacement-mockingjay,73,0.013113999999999848,0.8750250216854506,1.485586,1.4987,l1d_prefetcher-gaze_l1i_prefetcher-entangling_l2c_replacement-PACIPV
470.lbm-1274B,l1d_prefetcher-gaze_l1i_prefetcher-barca_l2c_replacement-PACIPV,11,0.009570999999999996,0.6427963623004733,1.479392,1.488963,l1d_prefetcher-gaze_l1i_prefetcher-entangling_l2c_replacement-mockingjay
471.omnetpp-188B,l1d_prefetcher-berti_l1i_prefetcher-entangling_l2c_replacement-mockingjay,55,0.009451999999999988,3.710799478635024,0.245264,0.254716,l1d_prefetcher-gaze_l1i_prefetcher-barca_l2c_replacement-PACIPV
471.omnetpp-188B,l1d_prefetcher-berti_l1i_prefetcher-entangling_l2c_replacement-PACIPV,55,0.009577000000000002,3.759873741735895,0.245139,0.254716,l1d_prefetcher-gaze_l1i_prefetcher-barca_l2c_replacement-PACIPV
471.omnetpp-188B,l1d_prefetcher-berti_l1i_prefetcher-barca_l2c_replacement-mockingjay,67,0.007088000000000011,3.2322347930375668,0.212203,0.219291,l1d_prefetcher-gaze_l1i_prefetcher-barca_l2c_replacement-mockingjay
471.omnetpp-188B,l1d_prefetcher-berti_l1i_prefetcher-barca_l2c_replacement-PACIPV,67,0.007088000000000011,3.2322347930375668,0.212203,0.219291,l1d_prefetcher-gaze_l1i_prefetcher-barca_l2c_replacement-mockingjay
471.omnetpp-188B,l1d_prefetcher-gaze_l1i_prefetcher-entangling_l2c_replacement-mockingjay,98,0.0020860000000000045,1.2519129782445637,0.164539,0.166625,l1d_prefetcher-berti_l1i_prefetcher-barca_l2c_replacement-PACIPV
471.omnetpp-188B,l1d_prefetcher-gaze_l1i_prefetcher-entangling_l2c_replacement-PACIPV,22,0.0020970000000000155,1.2832516384865438,0.161316,0.163413,l1d_prefetcher-berti_l1i_prefetcher-entangling_l2c_replacement-PACIPV
471.omnetpp-188B,l1d_prefetcher-gaze_l1i_prefetcher-barca_l2c_replacement-mockingjay,22,0.0019399999999999973,1.1871760508649847,0.161473,0.163413,l1d_prefetcher-berti_l1i_prefetcher-entangling_l2c_replacement-PACIPV
471.omnetpp-188B,l1d_prefetcher-gaze_l1i_prefetcher-barca_l2c_replacement-PACIPV,22,0.0020970000000000155,1.2832516384865438,0.161316,0.163413,l1d_prefetcher-berti_l1i_prefetcher-entangling_l2c_replacement-PACIPV
473.astar-153B,l1d_prefetcher-berti_l1i_prefetcher-entangling_l2c_replacement-mockingjay,95,0.0005230000000000512,0.0636630992608813,0.820989,0.821512,l1d_prefetcher-gaze_l1i_prefetcher-entangling_l2c_replacement-mockingjay
473.astar-153B,l1d_prefetcher-berti_l1i_prefetcher-entangling_l2c_replacement-PACIPV,95,0.0005230000000000512,0.0636630992608813,0.820989,0.821512,l1d_prefetcher-gaze_l1i_prefetcher-entangling_l2c_replacement-mockingjay
473.astar-153B,l1d_prefetcher-berti_l1i_prefetcher-barca_l2c_replacement-mockingjay,95,0.0005230000000000512,0.0636630992608813,0.820989,0.821512,l1d_prefetcher-gaze_l1i_prefetcher-entangling_l2c_replacement-mockingjay
473.astar-153B,l1d_prefetcher-berti_l1i_prefetcher-barca_l2c_replacement-PACIPV,95,0.0005230000000000512,0.0636630992608813,0.820989,0.821512,l1d_prefetcher-gaze_l1i_prefetcher-entangling_l2c_replacement-mockingjay
473.astar-153B,l1d_prefetcher-gaze_l1i_prefetcher-entangling_l2c_replacement-mockingjay,93,0.020963999999999983,3.70301678227554,0.545169,0.566133,l1d_prefetcher-berti_l1i_prefetcher-entangling_l2c_replacement-mockingjay
473.astar-153B,l1d_prefetcher-gaze_l1i_prefetcher-entangling_l2c_replacement-PACIPV,93,0.020963999999999983,3.70301678227554,0.545169,0.566133,l1d_prefetcher-berti_l1i_prefetcher-entangling_l2c_replacement-mockingjay
473.astar-153B,l1d_prefetcher-gaze_l1i_prefetcher-barca_l2c_replacement-mockingjay,93,0.020963999999999983,3.70301678227554,0.545169,0.566133,l1d_prefetcher-berti_l1i_prefetcher-entangling_l2c_replacement-mockingjay
473.astar-153B,l1d_prefetcher-gaze_l1i_prefetcher-barca_l2c_replacement-PACIPV,93,0.020963999999999983,3.70301678227554,0.545169,0.566133,l1d_prefetcher-berti_l1i_prefetcher-entangling_l2c_replacement-mockingjay
481.wrf-1170B,l1d_prefetcher-berti_l1i_prefetcher-entangling_l2c_replacement-mockingjay,56,0.019777999999999962,2.0659499525765317,0.937554,0.957332,l1d_prefetcher-gaze_l1i_prefetcher-barca_l2c_replacement-mockingjay
481.wrf-1170B,l1d_prefetcher-berti_l1i_prefetcher-entangling_l2c_replacement-PACIPV,56,0.019777999999999962,2.0659499525765317,0.937554,0.957332,l1d_prefetcher-gaze_l1i_prefetcher-barca_l2c_replacement-mockingjay
481.wrf-1170B,l1d_prefetcher-berti_l1i_prefetcher-barca_l2c_replacement-mockingjay,56,0.016598,1.7337767879899557,0.940734,0.957332,l1d_prefetcher-gaze_l1i_prefetcher-barca_l2c_replacement-mockingjay
481.wrf-1170B,l1d_prefetcher-berti_l1i_prefetcher-barca_l2c_replacement-PACIPV,56,0.016598,1.7337767879899557,0.940734,0.957332,l1d_prefetcher-gaze_l1i_prefetcher-barca_l2c_replacement-mockingjay
481.wrf-1170B,l1d_prefetcher-gaze_l1i_prefetcher-entangling_l2c_replacement-mockingjay,25,0.03231100000000009,3.281570555138032,0.952309,0.98462,l1d_prefetcher-berti_l1i_prefetcher-barca_l2c_replacement-mockingjay
481.wrf-1170B,l1d_prefetcher-gaze_l1i_prefetcher-entangling_l2c_replacement-PACIPV,25,0.03231100000000009,3.281570555138032,0.952309,0.98462,l1d_prefetcher-berti_l1i_prefetcher-barca_l2c_replacement-mockingjay
481.wrf-1170B,l1d_prefetcher-gaze_l1i_prefetcher-barca_l2c_replacement-mockingjay,25,0.032293000000000016,3.27974243870732,0.952327,0.98462,l1d_prefetcher-berti_l1i_prefetcher-barca_l2c_replacement-mockingjay
481.wrf-1170B,l1d_prefetcher-gaze_l1i_prefetcher-barca_l2c_replacement-PACIPV,25,0.032293000000000016,3.27974243870732,0.952327,0.98462,l1d_prefetcher-berti_l1i_prefetcher-barca_l2c_replacement-mockingjay
482.sphinx3-1100B,l1d_prefetcher-berti_l1i_prefetcher-entangling_l2c_replacement-mockingjay,80,0.112838,5.251935882798396,2.035665,2.148503,l1d_prefetcher-gaze_l1i_prefetcher-entangling_l2c_replacement-mockingjay
482.sphinx3-1100B,l1d_prefetcher-berti_l1i_prefetcher-entangling_l2c_replacement-PACIPV,80,0.112838,5.251935882798396,2.035665,2.148503,l1d_prefetcher-gaze_l1i_prefetcher-entangling_l2c_replacement-mockingjay
482.sphinx3-1100B,l1d_prefetcher-berti_l1i_prefetcher-barca_l2c_replacement-mockingjay,80,0.112838,5.251935882798396,2.035665,2.148503,l1d_prefetcher-gaze_l1i_prefetcher-entangling_l2c_replacement-mockingjay
482.sphinx3-1100B,l1d_prefetcher-berti_l1i_prefetcher-barca_l2c_replacement-PACIPV,80,0.112838,5.251935882798396,2.035665,2.148503,l1d_prefetcher-gaze_l1i_prefetcher-entangling_l2c_replacement-mockingjay
482.sphinx3-1100B,l1d_prefetcher-gaze_l1i_prefetcher-entangling_l2c_replacement-mockingjay,96,0.34473300000000007,26.267392766986262,0.967666,1.312399,l1d_prefetcher-berti_l1i_prefetcher-entangling_l2c_replacement-mockingjay
482.sphinx3-1100B,l1d_prefetcher-gaze_l1i_prefetcher-entangling_l2c_replacement-PACIPV,96,0.34473300000000007,26.267392766986262,0.967666,1.312399,l1d_prefetcher-berti_l1i_prefetcher-entangling_l2c_replacement-mockingjay
482.sphinx3-1100B,l1d_prefetcher-gaze_l1i_prefetcher-barca_l2c_replacement-mockingjay,96,0.34473300000000007,26.267392766986262,0.967666,1.312399,l1d_prefetcher-berti_l1i_prefetcher-entangling_l2c_replacement-mockingjay
482.sphinx3-1100B,l1d_prefetcher-gaze_l1i_prefetcher-barca_l2c_replacement-PACIPV,96,0.34473300000000007,26.267392766986262,0.967666,1.312399,l1d_prefetcher-berti_l1i_prefetcher-entangling_l2c_replacement-mockingjay
483.xalancbmk-127B,l1d_prefetcher-berti_l1i_prefetcher-entangling_l2c_replacement-mockingjay,87,0.012108000000000008,5.6184311268880105,0.203397,0.215505,l1d_prefetcher-gaze_l1i_prefetcher-entangling_l2c_replacement-mockingjay
483.xalancbmk-127B,l1d_prefetcher-berti_l1i_prefetcher-entangling_l2c_replacement-PACIPV,87,0.012108000000000008,5.6184311268880105,0.203397,0.215505,l1d_prefetcher-gaze_l1i_prefetcher-entangling_l2c_replacement-mockingjay
483.xalancbmk-127B,l1d_prefetcher-berti_l1i_prefetcher-barca_l2c_replacement-mockingjay,87,0.012108000000000008,5.6184311268880105,0.203397,0.215505,l1d_prefetcher-gaze_l1i_prefetcher-entangling_l2c_replacement-mockingjay
483.xalancbmk-127B,l1d_prefetcher-berti_l1i_prefetcher-barca_l2c_replacement-PACIPV,87,0.012108000000000008,5.6184311268880105,0.203397,0.215505,l1d_prefetcher-gaze_l1i_prefetcher-entangling_l2c_replacement-mockingjay
483.xalancbmk-127B,l1d_prefetcher-gaze_l1i_prefetcher-entangling_l2c_replacement-mockingjay,78,0.0005979999999999874,0.35099458247491533,0.169775,0.170373,l1d_prefetcher-gaze_l1i_prefetcher-entangling_l2c_replacement-PACIPV
483.xalancbmk-127B,l1d_prefetcher-gaze_l1i_prefetcher-entangling_l2c_replacement-PACIPV,66,0.0010959999999999859,0.6086285311283428,0.178981,0.180077,l1d_prefetcher-gaze_l1i_prefetcher-entangling_l2c_replacement-mockingjay
483.xalancbmk-127B,l1d_prefetcher-gaze_l1i_prefetcher-barca_l2c_replacement-mockingjay,28,0.002032000000000006,1.1664351400066622,0.172174,0.174206,l1d_prefetcher-gaze_l1i_prefetcher-entangling_l2c_replacement-mockingjay
483.xalancbmk-127B,l1d_prefetcher-gaze_l1i_prefetcher-barca_l2c_replacement-PACIPV,28,0.0019830000000000125,1.1383075209809148,0.172223,0.174206,l1d_prefetcher-gaze_l1i_prefetcher-entangling_l2c_replacement-mockingjay
600.perlbench_s-1273B,l1d_prefetcher-berti_l1i_prefetcher-entangling_l2c_replacement-mockingjay,76,0.009404999999999997,1.1002625187764095,0.845391,0.854796,l1d_prefetcher-gaze_l1i_prefetcher-entangling_l2c_replacement-mockingjay
600.perlbench_s-1273B,l1d_prefetcher-berti_l1i_prefetcher-entangling_l2c_replacement-PACIPV,76,0.009404999999999997,1.1002625187764095,0.845391,0.854796,l1d_prefetcher-gaze_l1i_prefetcher-entangling_l2c_replacement-mockingjay
600.perlbench_s-1273B,l1d_prefetcher-berti_l1i_prefetcher-barca_l2c_replacement-mockingjay,76,0.00943000000000005,1.1031871932016586,0.845366,0.854796,l1d_prefetcher-gaze_l1i_prefetcher-entangling_l2c_replacement-mockingjay
600.perlbench_s-1273B,l1d_prefetcher-berti_l1i_prefetcher-barca_l2c_replacement-PACIPV,76,0.00943000000000005,1.1031871932016586,0.845366,0.854796,l1d_prefetcher-gaze_l1i_prefetcher-entangling_l2c_replacement-mockingjay
600.perlbench_s-1273B,l1d_prefetcher-gaze_l1i_prefetcher-entangling_l2c_replacement-mockingjay,84,0.011870000000000047,0.8280571143151366,1.421606,1.433476,l1d_prefetcher-berti_l1i_prefetcher-barca_l2c_replacement-mockingjay
600.perlbench_s-1273B,l1d_prefetcher-gaze_l1i_prefetcher-entangling_l2c_replacement-PACIPV,84,0.011870000000000047,0.8280571143151366,1.421606,1.433476,l1d_prefetcher-berti_l1i_prefetcher-barca_l2c_replacement-mockingjay
600.perlbench_s-1273B,l1d_prefetcher-gaze_l1i_prefetcher-barca_l2c_replacement-mockingjay,84,0.011870000000000047,0.8280571143151366,1.421606,1.433476,l1d_prefetcher-berti_l1i_prefetcher-barca_l2c_replacement-mockingjay
600.perlbench_s-1273B,l1d_prefetcher-gaze_l1i_prefetcher-barca_l2c_replacement-PACIPV,84,0.011870000000000047,0.8280571143151366,1.421606,1.433476,l1d_prefetcher-berti_l1i_prefetcher-barca_l2c_replacement-mockingjay
602.gcc_s-1850B,l1d_prefetcher-berti_l1i_prefetcher-entangling_l2c_replacement-mockingjay,46,0.11291099999999998,12.078652286376306,0.821887,0.934798,l1d_prefetcher-gaze_l1i_prefetcher-entangling_l2c_replacement-mockingjay
602.gcc_s-1850B,l1d_prefetcher-berti_l1i_prefetcher-entangling_l2c_replacement-PACIPV,46,0.1089,11.649575630243111,0.825898,0.934798,l1d_prefetcher-gaze_l1i_prefetcher-entangling_l2c_replacement-mockingjay
602.gcc_s-1850B,l1d_prefetcher-berti_l1i_prefetcher-barca_l2c_replacement-mockingjay,46,0.11291099999999998,12.078652286376306,0.821887,0.934798,l1d_prefetcher-gaze_l1i_prefetcher-entangling_l2c_replacement-mockingjay
602.gcc_s-1850B,l1d_prefetcher-berti_l1i_prefetcher-barca_l2c_replacement-PACIPV,46,0.1089,11.649575630243111,0.825898,0.934798,l1d_prefetcher-gaze_l1i_prefetcher-entangling_l2c_replacement-mockingjay
602.gcc_s-1850B,l1d_prefetcher-gaze_l1i_prefetcher-entangling_l2c_replacement-mockingjay,95,0.00021999999999999797,0.02273380164964711,0.967502,0.967722,l1d_prefetcher-gaze_l1i_prefetcher-entangling_l2c_replacement-PACIPV
602.gcc_s-1850B,l1d_prefetcher-gaze_l1i_prefetcher-entangling_l2c_replacement-PACIPV,63,0.0018839999999999968,0.2079304955897541,0.904188,0.906072,l1d_prefetcher-gaze_l1i_prefetcher-entangling_l2c_replacement-mockingjay
602.gcc_s-1850B,l1d_prefetcher-gaze_l1i_prefetcher-barca_l2c_replacement-mockingjay,95,0.00021999999999999797,0.02273380164964711,0.967502,0.967722,l1d_prefetcher-gaze_l1i_prefetcher-entangling_l2c_replacement-PACIPV
602.gcc_s-1850B,l1d_prefetcher-gaze_l1i_prefetcher-barca_l2c_replacement-PACIPV,63,0.0018839999999999968,0.2079304955897541,0.904188,0.906072,l1d_prefetcher-gaze_l1i_prefetcher-entangling_l2c_replacement-mockingjay
603.bwaves_s-1080B,l1d_prefetcher-berti_l1i_prefetcher-entangling_l2c_replacement-mockingjay,64,0.08348900000000015,4.19112649231292,1.908553,1.992042,l1d_prefetcher-gaze_l1i_prefetcher-entangling_l2c_replacement-mockingjay
603.bwaves_s-1080B,l1d_prefetcher-berti_l1i_prefetcher-entangling_l2c_replacement-PACIPV,64,0.08348900000000015,4.19112649231292,1.908553,1.992042,l1d_prefetcher-gaze_l1i_prefetcher-entangling_l2c_replacement-mockingjay
603.bwaves_s-1080B,l1d_prefetcher-berti_l1i_prefetcher-barca_l2c_replacement-mockingjay,64,0.08348900000000015,4.19112649231292,1.908553,1.992042,l1d_prefetcher-gaze_l1i_prefetcher-entangling_l2c_replacement-mockingjay
603.bwaves_s-1080B,l1d_prefetcher-berti_l1i_prefetcher-barca_l2c_replacement-PACIPV,64,0.08348900000000015,4.19112649231292,1.908553,1.992042,l1d_prefetcher-gaze_l1i_prefetcher-entangling_l2c_replacement-mockingjay
603.bwaves_s-1080B,l1d_prefetcher-gaze_l1i_prefetcher-entangling_l2c_replacement-mockingjay,94,0.01420700000000008,0.8591183741394957,1.639465,1.653672,l1d_prefetcher-berti_l1i_prefetcher-barca_l2c_replacement-mockingjay
603.bwaves_s-1080B,l1d_prefetcher-gaze_l1i_prefetcher-entangling_l2c_replacement-PACIPV,94,0.01420700000000008,0.8591183741394957,1.639465,1.653672,l1d_prefetcher-berti_l1i_prefetcher-barca_l2c_replacement-mockingjay
603.bwaves_s-1080B,l1d_prefetcher-gaze_l1i_prefetcher-barca_l2c_replacement-mockingjay,94,0.014140000000000041,0.8550667847070061,1.639532,1.653672,l1d_prefetcher-berti_l1i_prefetcher-barca_l2c_replacement-mockingjay
603.bwaves_s-1080B,l1d_prefetcher-gaze_l1i_prefetcher-barca_l2c_replacement-PACIPV,94,0.014140000000000041,0.8550667847070061,1.639532,1.653672,l1d_prefetcher-berti_l1i_prefetcher-barca_l2c_replacement-mockingjay
605.mcf_s-1152B,l1d_prefetcher-berti_l1i_prefetcher-entangling_l2c_replacement-mockingjay,52,0.004469000000000001,1.033304354259924,0.428027,0.432496,l1d_prefetcher-gaze_l1i_prefetcher-entangling_l2c_replacement-mockingjay
605.mcf_s-1152B,l1d_prefetcher-berti_l1i_prefetcher-entangling_l2c_replacement-PACIPV,52,0.004469000000000001,1.033304354259924,0.428027,0.432496,l1d_prefetcher-gaze_l1i_prefetcher-entangling_l2c_replacement-mockingjay
605.mcf_s-1152B,l1d_prefetcher-berti_l1i_prefetcher-barca_l2c_replacement-mockingjay,52,0.004469000000000001,1.033304354259924,0.428027,0.432496,l1d_prefetcher-gaze_l1i_prefetcher-entangling_l2c_replacement-mockingjay
605.mcf_s-1152B,l1d_prefetcher-berti_l1i_prefetcher-barca_l2c_replacement-PACIPV,52,0.004469000000000001,1.033304354259924,0.428027,0.432496,l1d_prefetcher-gaze_l1i_prefetcher-entangling_l2c_replacement-mockingjay
605.mcf_s-1152B,l1d_prefetcher-gaze_l1i_prefetcher-entangling_l2c_replacement-mockingjay,0,0.006500000000000006,1.507253366972138,0.424748,0.431248,l1d_prefetcher-berti_l1i_prefetcher-entangling_l2c_replacement-mockingjay
605.mcf_s-1152B,l1d_prefetcher-gaze_l1i_prefetcher-entangling_l2c_replacement-PACIPV,0,0.006500000000000006,1.507253366972138,0.424748,0.431248,l1d_prefetcher-berti_l1i_prefetcher-entangling_l2c_replacement-mockingjay
605.mcf_s-1152B,l1d_prefetcher-gaze_l1i_prefetcher-barca_l2c_replacement-mockingjay,0,0.006500000000000006,1.507253366972138,0.424748,0.431248,l1d_prefetcher-berti_l1i_prefetcher-entangling_l2c_replacement-mockingjay
605.mcf_s-1152B,l1d_prefetcher-gaze_l1i_prefetcher-barca_l2c_replacement-PACIPV,0,0.006500000000000006,1.507253366972138,0.424748,0.431248,l1d_prefetcher-berti_l1i_prefetcher-entangling_l2c_replacement-mockingjay
607.cactuBSSN_s-2421B,l1d_prefetcher-berti_l1i_prefetcher-entangling_l2c_replacement-mockingjay,90,0.09533599999999987,8.675197848125789,1.003613,1.098949,l1d_prefetcher-gaze_l1i_prefetcher-barca_l2c_replacement-PACIPV
607.cactuBSSN_s-2421B,l1d_prefetcher-berti_l1i_prefetcher-entangling_l2c_replacement-PACIPV,90,0.09226500000000004,8.395749029299816,1.006684,1.098949,l1d_prefetcher-gaze_l1i_prefetcher-barca_l2c_replacement-PACIPV
607.cactuBSSN_s-2421B,l1d_prefetcher-berti_l1i_prefetcher-barca_l2c_replacement-mockingjay,90,0.08406599999999997,7.649672550773509,1.014883,1.098949,l1d_prefetcher-gaze_l1i_prefetcher-barca_l2c_replacement-PACIPV
607.cactuBSSN_s-2421B,l1d_prefetcher-berti_l1i_prefetcher-barca_l2c_replacement-PACIPV,90,0.07913400000000004,7.200880113635851,1.019815,1.098949,l1d_prefetcher-gaze_l1i_prefetcher-barca_l2c_replacement-PACIPV
607.cactuBSSN_s-2421B,l1d_prefetcher-gaze_l1i_prefetcher-entangling_l2c_replacement-mockingjay,90,0.07186000000000003,6.5389749660812315,1.027089,1.098949,l1d_prefetcher-gaze_l1i_prefetcher-barca_l2c_replacement-PACIPV
607.cactuBSSN_s-2421B,l1d_prefetcher-gaze_l1i_prefetcher-entangling_l2c_replacement-PACIPV,90,0.07004699999999997,6.373999157376728,1.028902,1.098949,l1d_prefetcher-gaze_l1i_prefetcher-barca_l2c_replacement-PACIPV
607.cactuBSSN_s-2421B,l1d_prefetcher-gaze_l1i_prefetcher-barca_l2c_replacement-mockingjay,21,0.0782409999999999,7.495289159846676,0.965628,1.043869,l1d_prefetcher-berti_l1i_prefetcher-barca_l2c_replacement-mockingjay
607.cactuBSSN_s-2421B,l1d_prefetcher-gaze_l1i_prefetcher-barca_l2c_replacement-PACIPV,21,0.07343299999999997,7.034694966513995,0.970436,1.043869,l1d_prefetcher-berti_l1i_prefetcher-barca_l2c_replacement-mockingjay
619.lbm_s-2676B,l1d_prefetcher-berti_l1i_prefetcher-entangling_l2c_replacement-mockingjay,42,0.2132369999999999,16.362769954204463,1.089947,1.303184,l1d_prefetcher-gaze_l1i_prefetcher-entangling_l2c_replacement-mockingjay
619.lbm_s-2676B,l1d_prefetcher-berti_l1i_prefetcher-entangling_l2c_replacement-PACIPV,45,0.292168,18.99112415458466,1.246277,1.538445,l1d_prefetcher-gaze_l1i_prefetcher-entangling_l2c_replacement-PACIPV
619.lbm_s-2676B,l1d_prefetcher-berti_l1i_prefetcher-barca_l2c_replacement-mockingjay,42,0.2132369999999999,16.362769954204463,1.089947,1.303184,l1d_prefetcher-gaze_l1i_prefetcher-entangling_l2c_replacement-mockingjay
619.lbm_s-2676B,l1d_prefetcher-berti_l1i_prefetcher-barca_l2c_replacement-PACIPV,45,0.292168,18.99112415458466,1.246277,1.538445,l1d_prefetcher-gaze_l1i_prefetcher-entangling_l2c_replacement-PACIPV
619.lbm_s-2676B,l1d_prefetcher-gaze_l1i_prefetcher-entangling_l2c_replacement-mockingjay,69,0.013728999999999991,1.606873659865728,0.840663,0.854392,l1d_prefetcher-gaze_l1i_prefetcher-entangling_l2c_replacement-PACIPV
619.lbm_s-2676B,l1d_prefetcher-gaze_l1i_prefetcher-entangling_l2c_replacement-PACIPV,39,0.01627500000000004,1.483986621780824,1.080433,1.096708,l1d_prefetcher-gaze_l1i_prefetcher-entangling_l2c_replacement-mockingjay
619.lbm_s-2676B,l1d_prefetcher-gaze_l1i_prefetcher-barca_l2c_replacement-mockingjay,69,0.013728999999999991,1.606873659865728,0.840663,0.854392,l1d_prefetcher-gaze_l1i_prefetcher-entangling_l2c_replacement-PACIPV
619.lbm_s-2676B,l1d_prefetcher-gaze_l1i_prefetcher-barca_l2c_replacement-PACIPV,39,0.01627500000000004,1.483986621780824,1.080433,1.096708,l1d_prefetcher-gaze_l1i_prefetcher-entangling_l2c_replacement-mockingjay
620.omnetpp_s-141B,l1d_prefetcher-berti_l1i_prefetcher-entangling_l2c_replacement-mockingjay,15,0.0008120000000000072,0.6052068659675537,0.133357,0.134169,l1d_prefetcher-gaze_l1i_prefetcher-barca_l2c_replacement-mockingjay
620.omnetpp_s-141B,l1d_prefetcher-berti_l1i_prefetcher-entangling_l2c_replacement-PACIPV,15,0.0008120000000000072,0.6052068659675537,0.133357,0.134169,l1d_prefetcher-gaze_l1i_prefetcher-barca_l2c_replacement-mockingjay
620.omnetpp_s-141B,l1d_prefetcher-berti_l1i_prefetcher-barca_l2c_replacement-mockingjay,15,0.0009520000000000084,0.7095528773412698,0.133217,0.134169,l1d_prefetcher-gaze_l1i_prefetcher-barca_l2c_replacement-mockingjay
620.omnetpp_s-141B,l1d_prefetcher-berti_l1i_prefetcher-barca_l2c_replacement-PACIPV,44,0.0007729999999999959,0.6224133210944135,0.123421,0.124194,l1d_prefetcher-gaze_l1i_prefetcher-entangling_l2c_replacement-mockingjay
620.omnetpp_s-141B,l1d_prefetcher-gaze_l1i_prefetcher-entangling_l2c_replacement-mockingjay,78,0.0008380000000000054,0.5977132830721645,0.139363,0.140201,l1d_prefetcher-berti_l1i_prefetcher-entangling_l2c_replacement-mockingjay
620.omnetpp_s-141B,l1d_prefetcher-gaze_l1i_prefetcher-entangling_l2c_replacement-PACIPV,78,0.0008789999999999909,0.6269570117188829,0.139322,0.140201,l1d_prefetcher-berti_l1i_prefetcher-entangling_l2c_replacement-mockingjay
620.omnetpp_s-141B,l1d_prefetcher-gaze_l1i_prefetcher-barca_l2c_replacement-mockingjay,78,0.0008819999999999939,0.6290967967418164,0.139319,0.140201,l1d_prefetcher-berti_l1i_prefetcher-entangling_l2c_replacement-mockingjay
620.omnetpp_s-141B,l1d_prefetcher-gaze_l1i_prefetcher-barca_l2c_replacement-PACIPV,78,0.0008809999999999929,0.6283835350675052,0.13932,0.140201,l1d_prefetcher-berti_l1i_prefetcher-entangling_l2c_replacement-mockingjay
621.wrf_s-575B,l1d_prefetcher-berti_l1i_prefetcher-entangling_l2c_replacement-mockingjay,74,0.006623999999999963,0.7039918377757901,0.934296,0.94092,l1d_prefetcher-gaze_l1i_prefetcher-barca_l2c_replacement-mockingjay
621.wrf_s-575B,l1d_prefetcher-berti_l1i_prefetcher-entangling_l2c_replacement-PACIPV,74,0.006623999999999963,0.7039918377757901,0.934296,0.94092,l1d_prefetcher-gaze_l1i_prefetcher-barca_l2c_replacement-mockingjay
621.wrf_s-575B,l1d_prefetcher-berti_l1i_prefetcher-barca_l2c_replacement-mockingjay,74,0.006619999999999959,0.7035667219317221,0.9343,0.94092,l1d_prefetcher-gaze_l1i_prefetcher-barca_l2c_replacement-mockingjay
621.wrf_s-575B,l1d_prefetcher-berti_l1i_prefetcher-barca_l2c_replacement-PACIPV,74,0.006619999999999959,0.7035667219317221,0.9343,0.94092,l1d_prefetcher-gaze_l1i_prefetcher-barca_l2c_replacement-mockingjay
621.wrf_s-575B,l1d_prefetcher-gaze_l1i_prefetcher-entangling_l2c_replacement-mockingjay,11,0.010267999999999944,0.873149298495794,1.165705,1.175973,l1d_prefetcher-berti_l1i_prefetcher-barca_l2c_replacement-mockingjay
621.wrf_s-575B,l1d_prefetcher-gaze_l1i_prefetcher-entangling_l2c_replacement-PACIPV,11,0.010267999999999944,0.873149298495794,1.165705,1.175973,l1d_prefetcher-berti_l1i_prefetcher-barca_l2c_replacement-mockingjay
621.wrf_s-575B,l1d_prefetcher-gaze_l1i_prefetcher-barca_l2c_replacement-mockingjay,11,0.010260999999999854,0.8725540467340538,1.165712,1.175973,l1d_prefetcher-berti_l1i_prefetcher-barca_l2c_replacement-mockingjay
621.wrf_s-575B,l1d_prefetcher-gaze_l1i_prefetcher-barca_l2c_replacement-PACIPV,11,0.010260999999999854,0.8725540467340538,1.165712,1.175973,l1d_prefetcher-berti_l1i_prefetcher-barca_l2c_replacement-mockingjay
623.xalancbmk_s-10B,l1d_prefetcher-berti_l1i_prefetcher-entangling_l2c_replacement-mockingjay,24,0.00865100000000002,4.069163072262814,0.203948,0.212599,l1d_prefetcher-gaze_l1i_prefetcher-entangling_l2c_replacement-mockingjay
623.xalancbmk_s-10B,l1d_prefetcher-berti_l1i_prefetcher-entangling_l2c_replacement-PACIPV,24,0.00865100000000002,4.069163072262814,0.203948,0.212599,l1d_prefetcher-gaze_l1i_prefetcher-entangling_l2c_replacement-mockingjay
623.xalancbmk_s-10B,l1d_prefetcher-berti_l1i_prefetcher-barca_l2c_replacement-mockingjay,24,0.008922000000000013,4.196633097992001,0.203677,0.212599,l1d_prefetcher-gaze_l1i_prefetcher-entangling_l2c_replacement-mockingjay
623.xalancbmk_s-10B,l1d_prefetcher-berti_l1i_prefetcher-barca_l2c_replacement-PACIPV,24,0.008644000000000013,4.065870488572389,0.203955,0.212599,l1d_prefetcher-gaze_l1i_prefetcher-entangling_l2c_replacement-mockingjay
623.xalancbmk_s-10B,l1d_prefetcher-gaze_l1i_prefetcher-entangling_l2c_replacement-mockingjay,15,0.001340999999999995,1.1184226987264452,0.11856,0.119901,l1d_prefetcher-berti_l1i_prefetcher-entangling_l2c_replacement-PACIPV
623.xalancbmk_s-10B,l1d_prefetcher-gaze_l1i_prefetcher-entangling_l2c_replacement-PACIPV,80,0.0014009999999999995,1.1684250031274757,0.118504,0.119905,l1d_prefetcher-berti_l1i_prefetcher-entangling_l2c_replacement-PACIPV
623.xalancbmk_s-10B,l1d_prefetcher-gaze_l1i_prefetcher-barca_l2c_replacement-mockingjay,15,0.001340999999999995,1.1184226987264452,0.11856,0.119901,l1d_prefetcher-berti_l1i_prefetcher-entangling_l2c_replacement-PACIPV
623.xalancbmk_s-10B,l1d_prefetcher-gaze_l1i_prefetcher-barca_l2c_replacement-PACIPV,80,0.0014009999999999995,1.1684250031274757,0.118504,0.119905,l1d_prefetcher-berti_l1i_prefetcher-entangling_l2c_replacement-PACIPV
625.x264_s-12B,l1d_prefetcher-berti_l1i_prefetcher-entangling_l2c_replacement-mockingjay,5,0.06137999999999977,2.408619230968446,2.486968,2.548348,l1d_prefetcher-gaze_l1i_prefetcher-entangling_l2c_replacement-mockingjay
625.x264_s-12B,l1d_prefetcher-berti_l1i_prefetcher-entangling_l2c_replacement-PACIPV,5,0.06137999999999977,2.408619230968446,2.486968,2.548348,l1d_prefetcher-gaze_l1i_prefetcher-entangling_l2c_replacement-mockingjay
625.x264_s-12B,l1d_prefetcher-berti_l1i_prefetcher-barca_l2c_replacement-mockingjay,5,0.06137999999999977,2.408619230968446,2.486968,2.548348,l1d_prefetcher-gaze_l1i_prefetcher-entangling_l2c_replacement-mockingjay
625.x264_s-12B,l1d_prefetcher-berti_l1i_prefetcher-barca_l2c_replacement-PACIPV,5,0.06137999999999977,2.408619230968446,2.486968,2.548348,l1d_prefetcher-gaze_l1i_prefetcher-entangling_l2c_replacement-mockingjay
625.x264_s-12B,l1d_prefetcher-gaze_l1i_prefetcher-entangling_l2c_replacement-mockingjay,31,0.2536749999999999,10.076276629592213,2.263872,2.517547,l1d_prefetcher-berti_l1i_prefetcher-entangling_l2c_replacement-mockingjay
625.x264_s-12B,l1d_prefetcher-gaze_l1i_prefetcher-entangling_l2c_replacement-PACIPV,31,0.2536749999999999,10.076276629592213,2.263872,2.517547,l1d_prefetcher-berti_l1i_prefetcher-entangling_l2c_replacement-mockingjay
625.x264_s-12B,l1d_prefetcher-gaze_l1i_prefetcher-barca_l2c_replacement-mockingjay,31,0.2536749999999999,10.076276629592213,2.263872,2.517547,l1d_prefetcher-berti_l1i_prefetcher-entangling_l2c_replacement-mockingjay
625.x264_s-12B,l1d_prefetcher-gaze_l1i_prefetcher-barca_l2c_replacement-PACIPV,31,0.2536749999999999,10.076276629592213,2.263872,2.517547,l1d_prefetcher-berti_l1i_prefetcher-entangling_l2c_replacement-mockingjay
627.cam4_s-490B,l1d_prefetcher-berti_l1i_prefetcher-entangling_l2c_replacement-mockingjay,92,0.07598700000000003,10.20322665109066,0.668748,0.744735,l1d_prefetcher-gaze_l1i_prefetcher-entangling_l2c_replacement-mockingjay
627.cam4_s-490B,l1d_prefetcher-berti_l1i_prefetcher-entangling_l2c_replacement-PACIPV,92,0.07616600000000007,10.227262046231218,0.668569,0.744735,l1d_prefetcher-gaze_l1i_prefetcher-entangling_l2c_replacement-mockingjay
627.cam4_s-490B,l1d_prefetcher-berti_l1i_prefetcher-barca_l2c_replacement-mockingjay,92,0.07598700000000003,10.20322665109066,0.668748,0.744735,l1d_prefetcher-gaze_l1i_prefetcher-entangling_l2c_replacement-mockingjay
627.cam4_s-490B,l1d_prefetcher-berti_l1i_prefetcher-barca_l2c_replacement-PACIPV,92,0.07616600000000007,10.227262046231218,0.668569,0.744735,l1d_prefetcher-gaze_l1i_prefetcher-entangling_l2c_replacement-mockingjay
627.cam4_s-490B,l1d_prefetcher-gaze_l1i_prefetcher-entangling_l2c_replacement-mockingjay,5,0.05423800000000001,6.65904645912037,0.760263,0.814501,l1d_prefetcher-berti_l1i_prefetcher-entangling_l2c_replacement-PACIPV
627.cam4_s-490B,l1d_prefetcher-gaze_l1i_prefetcher-entangling_l2c_replacement-PACIPV,54,0.10337399999999985,5.9548504201990395,1.632589,1.735963,l1d_prefetcher-berti_l1i_prefetcher-entangling_l2c_replacement-mockingjay
627.cam4_s-490B,l1d_prefetcher-gaze_l1i_prefetcher-barca_l2c_replacement-mockingjay,5,0.05423800000000001,6.65904645912037,0.760263,0.814501,l1d_prefetcher-berti_l1i_prefetcher-entangling_l2c_replacement-PACIPV
627.cam4_s-490B,l1d_prefetcher-gaze_l1i_prefetcher-barca_l2c_replacement-PACIPV,54,0.10337399999999985,5.9548504201990395,1.632589,1.735963,l1d_prefetcher-berti_l1i_prefetcher-entangling_l2c_replacement-mockingjay
628.pop2_s-17B,l1d_prefetcher-berti_l1i_prefetcher-entangling_l2c_replacement-mockingjay,35,0.058141,6.0617781952809855,0.901,0.959141,l1d_prefetcher-gaze_l1i_prefetcher-entangling_l2c_replacement-mockingjay
628.pop2_s-17B,l1d_prefetcher-berti_l1i_prefetcher-entangling_l2c_replacement-PACIPV,35,0.058141,6.0617781952809855,0.901,0.959141,l1d_prefetcher-gaze_l1i_prefetcher-entangling_l2c_replacement-mockingjay
628.pop2_s-17B,l1d_prefetcher-berti_l1i_prefetcher-barca_l2c_replacement-mockingjay,35,0.058141,6.0617781952809855,0.901,0.959141,l1d_prefetcher-gaze_l1i_prefetcher-entangling_l2c_replacement-mockingjay
628.pop2_s-17B,l1d_prefetcher-berti_l1i_prefetcher-barca_l2c_replacement-PACIPV,35,0.058141,6.0617781952809855,0.901,0.959141,l1d_prefetcher-gaze_l1i_prefetcher-entangling_l2c_replacement-mockingjay
628.pop2_s-17B,l1d_prefetcher-gaze_l1i_prefetcher-entangling_l2c_replacement-mockingjay,14,0.05230100000000004,6.217693576995692,0.788863,0.841164,l1d_prefetcher-berti_l1i_prefetcher-entangling_l2c_replacement-mockingjay
628.pop2_s-17B,l1d_prefetcher-gaze_l1i_prefetcher-entangling_l2c_replacement-PACIPV,14,0.05230100000000004,6.217693576995692,0.788863,0.841164,l1d_prefetcher-berti_l1i_prefetcher-entangling_l2c_replacement-mockingjay
628.pop2_s-17B,l1d_prefetcher-gaze_l1i_prefetcher-barca_l2c_replacement-mockingjay,14,0.05230100000000004,6.217693576995692,0.788863,0.841164,l1d_prefetcher-berti_l1i_prefetcher-entangling_l2c_replacement-mockingjay
628.pop2_s-17B,l1d_prefetcher-gaze_l1i_prefetcher-barca_l2c_replacement-PACIPV,14,0.05230100000000004,6.217693576995692,0.788863,0.841164,l1d_prefetcher-berti_l1i_prefetcher-entangling_l2c_replacement-mockingjay
631.deepsjeng_s-928B,l1d_prefetcher-berti_l1i_prefetcher-entangling_l2c_replacement-mockingjay,16,0.01787799999999995,2.1192332448640125,0.825729,0.843607,l1d_prefetcher-gaze_l1i_prefetcher-barca_l2c_replacement-mockingjay
631.deepsjeng_s-928B,l1d_prefetcher-berti_l1i_prefetcher-entangling_l2c_replacement-PACIPV,16,0.01787799999999995,2.1192332448640125,0.825729,0.843607,l1d_prefetcher-gaze_l1i_prefetcher-barca_l2c_replacement-mockingjay
631.deepsjeng_s-928B,l1d_prefetcher-berti_l1i_prefetcher-barca_l2c_replacement-mockingjay,38,0.015038999999999914,1.920326681546772,0.768109,0.783148,l1d_prefetcher-gaze_l1i_prefetcher-barca_l2c_replacement-mockingjay
631.deepsjeng_s-928B,l1d_prefetcher-berti_l1i_prefetcher-barca_l2c_replacement-PACIPV,38,0.015038999999999914,1.920326681546772,0.768109,0.783148,l1d_prefetcher-gaze_l1i_prefetcher-barca_l2c_replacement-mockingjay
631.deepsjeng_s-928B,l1d_prefetcher-gaze_l1i_prefetcher-entangling_l2c_replacement-mockingjay,74,0.007797000000000054,1.1942104457037912,0.645103,0.6529,l1d_prefetcher-berti_l1i_prefetcher-barca_l2c_replacement-mockingjay
631.deepsjeng_s-928B,l1d_prefetcher-gaze_l1i_prefetcher-entangling_l2c_replacement-PACIPV,74,0.007797000000000054,1.1942104457037912,0.645103,0.6529,l1d_prefetcher-berti_l1i_prefetcher-barca_l2c_replacement-mockingjay
631.deepsjeng_s-928B,l1d_prefetcher-gaze_l1i_prefetcher-barca_l2c_replacement-mockingjay,9,0.009126999999999996,0.9955822197981998,0.907623,0.91675,l1d_prefetcher-berti_l1i_prefetcher-entangling_l2c_replacement-mockingjay
631.deepsjeng_s-928B,l1d_prefetcher-gaze_l1i_prefetcher-barca_l2c_replacement-PACIPV,9,0.009126999999999996,0.9955822197981998,0.907623,0.91675,l1d_prefetcher-berti_l1i_prefetcher-entangling_l2c_replacement-mockingjay
638.imagick_s-10316B,l1d_prefetcher-berti_l1i_prefetcher-entangling_l2c_replacement-mockingjay,0,0.0,0.0,1.293343,1.293343,l1d_prefetcher-berti_l1i_prefetcher-entangling_l2c_replacement-mockingjay
638.imagick_s-10316B,l1d_prefetcher-berti_l1i_prefetcher-entangling_l2c_replacement-PACIPV,0,0.0,0.0,1.293343,1.293343,l1d_prefetcher-berti_l1i_prefetcher-entangling_l2c_replacement-mockingjay
638.imagick_s-10316B,l1d_prefetcher-berti_l1i_prefetcher-barca_l2c_replacement-mockingjay,0,0.0,0.0,1.293343,1.293343,l1d_prefetcher-berti_l1i_prefetcher-entangling_l2c_replacement-mockingjay
638.imagick_s-10316B,l1d_prefetcher-berti_l1i_prefetcher-barca_l2c_replacement-PACIPV,0,0.0,0.0,1.293343,1.293343,l1d_prefetcher-berti_l1i_prefetcher-entangling_l2c_replacement-mockingjay
638.imagick_s-10316B,l1d_prefetcher-gaze_l1i_prefetcher-entangling_l2c_replacement-mockingjay,71,0.15472799999999998,12.881858848035725,1.046403,1.201131,l1d_prefetcher-berti_l1i_prefetcher-entangling_l2c_replacement-mockingjay
638.imagick_s-10316B,l1d_prefetcher-gaze_l1i_prefetcher-entangling_l2c_replacement-PACIPV,71,0.15472799999999998,12.881858848035725,1.046403,1.201131,l1d_prefetcher-berti_l1i_prefetcher-entangling_l2c_replacement-mockingjay
638.imagick_s-10316B,l1d_prefetcher-gaze_l1i_prefetcher-barca_l2c_replacement-mockingjay,71,0.15472799999999998,12.881858848035725,1.046403,1.201131,l1d_prefetcher-berti_l1i_prefetcher-entangling_l2c_replacement-mockingjay
638.imagick_s-10316B,l1d_prefetcher-gaze_l1i_prefetcher-barca_l2c_replacement-PACIPV,71,0.15472799999999998,12.881858848035725,1.046403,1.201131,l1d_prefetcher-berti_l1i_prefetcher-entangling_l2c_replacement-mockingjay
641.leela_s-1052B,l1d_prefetcher-berti_l1i_prefetcher-entangling_l2c_replacement-mockingjay,11,0.01114499999999996,1.4596637730966038,0.752387,0.763532,l1d_prefetcher-gaze_l1i_prefetcher-barca_l2c_replacement-mockingjay
641.leela_s-1052B,l1d_prefetcher-berti_l1i_prefetcher-entangling_l2c_replacement-PACIPV,11,0.01114499999999996,1.4596637730966038,0.752387,0.763532,l1d_prefetcher-gaze_l1i_prefetcher-barca_l2c_replacement-mockingjay
641.leela_s-1052B,l1d_prefetcher-berti_l1i_prefetcher-barca_l2c_replacement-mockingjay,11,0.011074000000000028,1.4503648832007079,0.752458,0.763532,l1d_prefetcher-gaze_l1i_prefetcher-barca_l2c_replacement-mockingjay
641.leela_s-1052B,l1d_prefetcher-berti_l1i_prefetcher-barca_l2c_replacement-PACIPV,11,0.011074000000000028,1.4503648832007079,0.752458,0.763532,l1d_prefetcher-gaze_l1i_prefetcher-barca_l2c_replacement-mockingjay
641.leela_s-1052B,l1d_prefetcher-gaze_l1i_prefetcher-entangling_l2c_replacement-mockingjay,3,0.01829200000000003,3.6003763349853815,0.489766,0.508058,l1d_prefetcher-berti_l1i_prefetcher-barca_l2c_replacement-mockingjay
641.leela_s-1052B,l1d_prefetcher-gaze_l1i_prefetcher-entangling_l2c_replacement-PACIPV,3,0.01829200000000003,3.6003763349853815,0.489766,0.508058,l1d_prefetcher-berti_l1i_prefetcher-barca_l2c_replacement-mockingjay
641.leela_s-1052B,l1d_prefetcher-gaze_l1i_prefetcher-barca_l2c_replacement-mockingjay,3,0.018276999999999988,3.5974239161670494,0.489781,0.508058,l1d_prefetcher-berti_l1i_prefetcher-barca_l2c_replacement-mockingjay
641.leela_s-1052B,l1d_prefetcher-gaze_l1i_prefetcher-barca_l2c_replacement-PACIPV,3,0.018276999999999988,3.5974239161670494,0.489781,0.508058,l1d_prefetcher-berti_l1i_prefetcher-barca_l2c_replacement-mockingjay
644.nab_s-12459B,l1d_prefetcher-berti_l1i_prefetcher-entangling_l2c_replacement-mockingjay,12,0.026773000000000158,2.4959539684670724,1.045883,1.072656,l1d_prefetcher-gaze_l1i_prefetcher-entangling_l2c_replacement-mockingjay
644.nab_s-12459B,l1d_prefetcher-berti_l1i_prefetcher-entangling_l2c_replacement-PACIPV,12,0.026773000000000158,2.4959539684670724,1.045883,1.072656,l1d_prefetcher-gaze_l1i_prefetcher-entangling_l2c_replacement-mockingjay
644.nab_s-12459B,l1d_prefetcher-berti_l1i_prefetcher-barca_l2c_replacement-mockingjay,12,0.026773000000000158,2.4959539684670724,1.045883,1.072656,l1d_prefetcher-gaze_l1i_prefetcher-entangling_l2c_replacement-mockingjay
644.nab_s-12459B,l1d_prefetcher-berti_l1i_prefetcher-barca_l2c_replacement-PACIPV,12,0.026773000000000158,2.4959539684670724,1.045883,1.072656,l1d_prefetcher-gaze_l1i_prefetcher-entangling_l2c_replacement-mockingjay
644.nab_s-12459B,l1d_prefetcher-gaze_l1i_prefetcher-entangling_l2c_replacement-mockingjay,28,0.08984600000000009,12.584583793808148,0.624091,0.713937,l1d_prefetcher-berti_l1i_prefetcher-entangling_l2c_replacement-mockingjay
644.nab_s-12459B,l1d_prefetcher-gaze_l1i_prefetcher-entangling_l2c_replacement-PACIPV,28,0.08984600000000009,12.584583793808148,0.624091,0.713937,l1d_prefetcher-berti_l1i_prefetcher-entangling_l2c_replacement-mockingjay
644.nab_s-12459B,l1d_prefetcher-gaze_l1i_prefetcher-barca_l2c_replacement-mockingjay,28,0.08984600000000009,12.584583793808148,0.624091,0.713937,l1d_prefetcher-berti_l1i_prefetcher-entangling_l2c_replacement-mockingjay
644.nab_s-12459B,l1d_prefetcher-gaze_l1i_prefetcher-barca_l2c_replacement-PACIPV,28,0.08984600000000009,12.584583793808148,0.624091,0.713937,l1d_prefetcher-berti_l1i_prefetcher-entangling_l2c_replacement-mockingjay
648.exchange2_s-1227B,l1d_prefetcher-berti_l1i_prefetcher-entangling_l2c_replacement-mockingjay,42,0.07258500000000012,3.903909556873867,1.786705,1.85929,l1d_prefetcher-gaze_l1i_prefetcher-entangling_l2c_replacement-mockingjay
648.exchange2_s-1227B,l1d_prefetcher-berti_l1i_prefetcher-entangling_l2c_replacement-PACIPV,42,0.07258500000000012,3.903909556873867,1.786705,1.85929,l1d_prefetcher-gaze_l1i_prefetcher-entangling_l2c_replacement-mockingjay
648.exchange2_s-1227B,l1d_prefetcher-berti_l1i_prefetcher-barca_l2c_replacement-mockingjay,42,0.07271200000000011,3.9107401212290767,1.786578,1.85929,l1d_prefetcher-gaze_l1i_prefetcher-entangling_l2c_replacement-mockingjay
648.exchange2_s-1227B,l1d_prefetcher-berti_l1i_prefetcher-barca_l2c_replacement-PACIPV,42,0.07271200000000011,3.9107401212290767,1.786578,1.85929,l1d_prefetcher-gaze_l1i_prefetcher-entangling_l2c_replacement-mockingjay
648.exchange2_s-1227B,l1d_prefetcher-gaze_l1i_prefetcher-entangling_l2c_replacement-mockingjay,6,0.08872599999999986,3.84672746790419,2.217806,2.306532,l1d_prefetcher-berti_l1i_prefetcher-entangling_l2c_replacement-mockingjay
648.exchange2_s-1227B,l1d_prefetcher-gaze_l1i_prefetcher-entangling_l2c_replacement-PACIPV,6,0.08872599999999986,3.84672746790419,2.217806,2.306532,l1d_prefetcher-berti_l1i_prefetcher-entangling_l2c_replacement-mockingjay
648.exchange2_s-1227B,l1d_prefetcher-gaze_l1i_prefetcher-barca_l2c_replacement-mockingjay,6,0.08872599999999986,3.84672746790419,2.217806,2.306532,l1d_prefetcher-berti_l1i_prefetcher-entangling_l2c_replacement-mockingjay
648.exchange2_s-1227B,l1d_prefetcher-gaze_l1i_prefetcher-barca_l2c_replacement-PACIPV,6,0.08872599999999986,3.84672746790419,2.217806,2.306532,l1d_prefetcher-berti_l1i_prefetcher-entangling_l2c_replacement-mockingjay
649.fotonik3d_s-10881B,l1d_prefetcher-berti_l1i_prefetcher-entangling_l2c_replacement-mockingjay,90,0.00923700000000005,1.5169978650024718,0.599663,0.6089,l1d_prefetcher-berti_l1i_prefetcher-entangling_l2c_replacement-PACIPV
649.fotonik3d_s-10881B,l1d_prefetcher-berti_l1i_prefetcher-entangling_l2c_replacement-PACIPV,65,0.008735999999999966,1.4399517378813071,0.597951,0.606687,l1d_prefetcher-berti_l1i_prefetcher-entangling_l2c_replacement-mockingjay
649.fotonik3d_s-10881B,l1d_prefetcher-berti_l1i_prefetcher-barca_l2c_replacement-mockingjay,90,0.00923700000000005,1.5169978650024718,0.599663,0.6089,l1d_prefetcher-berti_l1i_prefetcher-entangling_l2c_replacement-PACIPV
649.fotonik3d_s-10881B,l1d_prefetcher-berti_l1i_prefetcher-barca_l2c_replacement-PACIPV,65,0.008735999999999966,1.4399517378813071,0.597951,0.606687,l1d_prefetcher-berti_l1i_prefetcher-entangling_l2c_replacement-mockingjay
649.fotonik3d_s-10881B,l1d_prefetcher-gaze_l1i_prefetcher-entangling_l2c_replacement-mockingjay,56,0.08715400000000006,13.758905779106692,0.546283,0.633437,l1d_prefetcher-berti_l1i_prefetcher-entangling_l2c_replacement-PACIPV
649.fotonik3d_s-10881B,l1d_prefetcher-gaze_l1i_prefetcher-entangling_l2c_replacement-PACIPV,56,0.08527600000000002,13.462427992049724,0.548161,0.633437,l1d_prefetcher-berti_l1i_prefetcher-entangling_l2c_replacement-PACIPV
649.fotonik3d_s-10881B,l1d_prefetcher-gaze_l1i_prefetcher-barca_l2c_replacement-mockingjay,56,0.08715400000000006,13.758905779106692,0.546283,0.633437,l1d_prefetcher-berti_l1i_prefetcher-entangling_l2c_replacement-PACIPV
649.fotonik3d_s-10881B,l1d_prefetcher-gaze_l1i_prefetcher-barca_l2c_replacement-PACIPV,56,0.08527600000000002,13.462427992049724,0.548161,0.633437,l1d_prefetcher-berti_l1i_prefetcher-entangling_l2c_replacement-PACIPV
654.roms_s-1007B,l1d_prefetcher-berti_l1i_prefetcher-entangling_l2c_replacement-mockingjay,83,0.020863999999999994,1.796410794651751,1.140563,1.161427,l1d_prefetcher-gaze_l1i_prefetcher-entangling_l2c_replacement-mockingjay
654.roms_s-1007B,l1d_prefetcher-berti_l1i_prefetcher-entangling_l2c_replacement-PACIPV,83,0.020863999999999994,1.796410794651751,1.140563,1.161427,l1d_prefetcher-gaze_l1i_prefetcher-entangling_l2c_replacement-mockingjay
654.roms_s-1007B,l1d_prefetcher-berti_l1i_prefetcher-barca_l2c_replacement-mockingjay,83,0.020863999999999994,1.796410794651751,1.140563,1.161427,l1d_prefetcher-gaze_l1i_prefetcher-entangling_l2c_replacement-mockingjay
654.roms_s-1007B,l1d_prefetcher-berti_l1i_prefetcher-barca_l2c_replacement-PACIPV,83,0.020863999999999994,1.796410794651751,1.140563,1.161427,l1d_prefetcher-gaze_l1i_prefetcher-entangling_l2c_replacement-mockingjay
654.roms_s-1007B,l1d_prefetcher-gaze_l1i_prefetcher-entangling_l2c_replacement-mockingjay,11,0.025444000000000022,2.184548125481875,1.139282,1.164726,l1d_prefetcher-berti_l1i_prefetcher-entangling_l2c_replacement-mockingjay
654.roms_s-1007B,l1d_prefetcher-gaze_l1i_prefetcher-entangling_l2c_replacement-PACIPV,11,0.025444000000000022,2.184548125481875,1.139282,1.164726,l1d_prefetcher-berti_l1i_prefetcher-entangling_l2c_replacement-mockingjay
654.roms_s-1007B,l1d_prefetcher-gaze_l1i_prefetcher-barca_l2c_replacement-mockingjay,11,0.025444000000000022,2.184548125481875,1.139282,1.164726,l1d_prefetcher-berti_l1i_prefetcher-entangling_l2c_replacement-mockingjay
654.roms_s-1007B,l1d_prefetcher-gaze_l1i_prefetcher-barca_l2c_replacement-PACIPV,11,0.025444000000000022,2.184548125481875,1.139282,1.164726,l1d_prefetcher-berti_l1i_prefetcher-entangling_l2c_replacement-mockingjay
657.xz_s-2302B,l1d_prefetcher-berti_l1i_prefetcher-entangling_l2c_replacement-mockingjay,97,0.006834000000000007,2.3984164976240465,0.278104,0.284938,l1d_prefetcher-gaze_l1i_prefetcher-barca_l2c_replacement-mockingjay
657.xz_s-2302B,l1d_prefetcher-berti_l1i_prefetcher-entangling_l2c_replacement-PACIPV,97,0.00724600000000003,2.543009356421407,0.277692,0.284938,l1d_prefetcher-gaze_l1i_prefetcher-barca_l2c_replacement-mockingjay
657.xz_s-2302B,l1d_prefetcher-berti_l1i_prefetcher-barca_l2c_replacement-mockingjay,97,0.006834000000000007,2.3984164976240465,0.278104,0.284938,l1d_prefetcher-gaze_l1i_prefetcher-barca_l2c_replacement-mockingjay
657.xz_s-2302B,l1d_prefetcher-berti_l1i_prefetcher-barca_l2c_replacement-PACIPV,97,0.00724600000000003,2.543009356421407,0.277692,0.284938,l1d_prefetcher-gaze_l1i_prefetcher-barca_l2c_replacement-mockingjay
657.xz_s-2302B,l1d_prefetcher-gaze_l1i_prefetcher-entangling_l2c_replacement-mockingjay,95,0.001489000000000018,0.4423319717786908,0.335136,0.336625,l1d_prefetcher-berti_l1i_prefetcher-barca_l2c_replacement-mockingjay
657.xz_s-2302B,l1d_prefetcher-gaze_l1i_prefetcher-entangling_l2c_replacement-PACIPV,95,0.001489000000000018,0.4423319717786908,0.335136,0.336625,l1d_prefetcher-berti_l1i_prefetcher-barca_l2c_replacement-mockingjay
657.xz_s-2302B,l1d_prefetcher-gaze_l1i_prefetcher-barca_l2c_replacement-mockingjay,95,0.001489000000000018,0.4423319717786908,0.335136,0.336625,l1d_prefetcher-berti_l1i_prefetcher-barca_l2c_replacement-mockingjay
657.xz_s-2302B,l1d_prefetcher-gaze_l1i_prefetcher-barca_l2c_replacement-PACIPV,95,0.001489000000000018,0.4423319717786908,0.335136,0.336625,l1d_prefetcher-berti_l1i_prefetcher-barca_l2c_replacement-mockingjay
